{
  "text": "\"...\nII- İTİRAZIN GEREKÇESİ:\n\"Davalı idare, davacılar adına taviz bedelini hesaplarken 1940 sayılı Yasanın 11 nci maddesini uygulamış ve 1319 sayılı Yasaya göre vermiş oldukları vergi beyannamesi üzerinden bir miktar tahakkuk ettirmiştir. Bu işleme karşı davacılar iptal davası açarken aynı zamanda Anayasaya aykırılığı iddiasında bulunmaktadırlar.\nGerçekten 1940 sayılı Vakıflar Genel Müdürlüğü 1976 yılı Bütçe Kanununun 11 nci maddesi, \"2762 sayılı kanunda öngörülen taviz bedelleri, 1319 sayılı Kanun gereğince verilen beyannamelerdeki değerlere göre hesaplanır\" hükmüne yer vermiştir. Anılan 1940 sayılı Yasanın bir bütçe kanunu olduğunda ise kuşku yoktur.\nBütçe Kanunlarında yer alacak hükümler, bu Yasaların güttüğü amaçla sınırlıdır. Bu nedenle, Anayasanın 126 ncı maddesinin son fıkrasında \"Bütçe Kanununa bütçe ile ilgili hükümler dışında hiç bir hüküm konulamaz\" kuralına yer verilmiş; bu suretle bütçe uygulaması ile ilgili konuların bütçe Kanununda yer alması önlenmiştir. Ayrıca şu hususun da gözönünde tutulması gerekir: Bir yasal kuralın gelir getirir nitelikte bulunması onun 126 ncı maddede öngörülen \"bütçe ile ilgili hükümler\"den sayılması için yeterli değildir. Bu görüş Anayasa Mahkemesinin pek çok kararında benimsenmiş bulunmaktadır. 15.3.1977 günlü Resmi Gazetede yayımlanan 9.12.1976 gün ve E.1976/34, K.1976/52 sayılı karar buna örnek gösterilebilir.\"\"\n\nANAYASA MAHKEMESİ KARARI\n\nEsas Sayısı:1978/15\nKarar Sayısı:1978/28\nKarar günü:21.3.1978\nResmi Gazete tarih/sayı:11.4.1978/16256\n\nİtiraz Yoluna Başvuran: Danıştay 12. Dairesi.\nİtirazın Konusu : 27.2.1976 günlü 1940 sayılı Vakıflar Genel Müdürlüğü 1976 yılı Bütçe Kanununun 11. maddesi'nin Anayasaya aykırı olduğu öne sürülerek iptali istenmiştir.\nI- OLAY:\nDavacılara miras bırakanlarından kalan vakıf tanınmaz malların taviz bedelleri, davalı idarece iptali istenen yasa kuralına dayanılarak fazla tahsil edilmiştir. Yapılan işlemin düzeltilmesi ve fazla ödenen paranın geri alınması hakkındaki başvurunun olumsuz yanıtlanması üzerine, davacılar Danıştayda dava açmışlar ve davalı İdarenin dayandığı yasa kuralının Anayasaya aykırı olduğunu savunmuşlardır. Danıştay 12. Dairesince sözü geçen yasa kuralının Anayasa ilkeleriyle bağdaşmadığı kanısına varılmış ve iptali için 16.2.1978 gününde Anayasa Mahkemesine başvurulmuştur.\nIII- METİNLER:\n1- İtiraz konusu yasa kuralı:\n27.2.1976 günlü, 1940 sayılı Vakıflar Genel Müdürlüğü 1976 yılı Bütçe Kanununun iptali istenen 11. maddesi şöyledir:\nMadde 11- 2762 sayılı Kanunda öngörülen taviz bedelleri, 1319 sayılı Kanun gereğince verilen beyannamelerdeki değerlere göre hesaplanır.\n2- İlgili Yasa Hükmü:\n5.6.1935 günlü 2762 sayılı Vakıflar Kanununun 27. maddesi şöyledir.\nMadde 27- Mevcut mukataalı toprakların veya icareteynli gayrimenkullerin mülkiyetleri, icare veya mukataaların yirmi misli bir taviz karşılığında mutasarrıfına geçirilir. Taviz ister toptan, ister taksit ile ödensin, ilk ödeme yılı için tahakkuk ettirilen icare veya mukataa üzerinden hesap olunur.\n(20.6.1952 ve 5982 No. K. ile 27 nci maddeye ek fıkra) özel ve tüzel kişiler uhdesinde bulunan vakıf mahallerin icare ve mukataaları vergi kıymetlerine nesbetle binde iki buçuktan noksan ise o miktara çıkarılır.\n3- Dayanılan Anayasa Kuralları :\nMadde 126- Devletin ve kamu iktisadi teşebbüsleri dışındaki kamu tüzel kişilerin harcamaları yıllık bütçelerle yapılır.\nKanun, kalkınma planları ile ilgili yatırımlar veya bir yıldan fazla sürecek iş ve hizmetler için özel süre ve usuller koyabilir.\nGenel ve katma bütçelerin nasıl yapılacağı ve uygulanacağı kanunla gösterilir. Bütçe kanununa bütçe ile ilgili hükümler dışında hiçbir hüküm konulamaz.\nIV- İLK İNCELEME:\nAnayasa Mahkemesinin 21.3.1978 gününde İçtüzüğün 15. maddesi uyarınca yaptığı ilk inceleme toplantısında aşağıda açıklanan konu üszerinde durulmuştur.\n27.2.1976 günlü, 1940 sayılı Vakfılar Genel Müdürlüğü 1976 yılı Bütçe Kanununun itiraz konusu 11. maddesi hükmü, başka bir dava dolayısıyla Anayasaya uygunluk denetiminden geçirilerek Anayasanın 64., 92., 93., 94. ve 126. maddelerinde yeralan ilkelere aykırı olduğu saptanmış ve 22.12.1977 günlü, E.1977/119, 1977/146 sayılı Anayasa Mahkemesi kararıyle iptal edilmiştir. Bu karar 2.2.1978 günlü, 17187 sayılı Resmi Gazetede yayımlanmıştır.\nDanıştay 12. Dairesinin Anayasa Mahkemesine başvurduğu 16.2.1978 gününde söz konusu 11. madde hükmü iptal edilerek yürürlükten kalkmış bulunmasına göre itiraz, başvuran mahkemenin yetkisizliği nedeniyle reddedilmelidir.\nV- SONUÇ.\n27.2. 1976 günlü, 1940 sayılı Vakıflar Genel Müdürlüğü 1976 yılı Bütçe Kanununun 11. maddesi hükmü, Anayasa mahkemesinin 22.12.1977 günlü, E. 1977/119 K.1977/146 sayılı kararıyle iptal edilmiş ve bu karar 2.2.1978 günlü, 16187 sayılı Resmi Gazete'de yayımlanmış olduğundan, başvurmanın mahkemenin yetkisizliği nedeniyle reddine,\n21.3.1978 gününde oybirliğiyle karar verildi.\n\n\n\n\n\nBaşkan\nKâni   Vrana\nBaşkanvekili\nŞevket   müftügil\nÜye\nAbdullah   Üner\nÜye\nAhmet   Koçak\n\n\n\n\nÜye\nŞekip   Çopuroğlu\nÜye\nFahrettin   Uluç\nÜye\nMuhittin   Gürün\nÜye\nLütfi   Ömerbaş\n\n\n\n\nÜye\nAhmet   Erdoğdu\nÜye\nHasan   Gürsel\nÜye\nAhmet   Salih Çebi\nÜye\nAdil   Esmer\n\n\n\n\nÜye\nNihat   O. Akçakayalıoğlu\nÜye\nAhmet   H. Boyacıoğlu\nÜye\nNecdet   darıcıoğlu\n",
  "address": "https://normkararlarbilgibankasi.anayasa.gov.tr/ND/1978/28",
  "pno": 3130,
  "id": "1978-28__kwUJL",
  "Dönemi": "1961",
  "Karar No": "1978/28",
  "Esas No": "1978/15",
  "İlk İnceleme Tarihi": "21/03/1978",
  "Karar Tarihi": "21/03/1978",
  "Künye": "(AYM, E.1978/15, K.1978/28, 21/03/1978, § …) Kopyala",
  "Dosya Sonucu (Karar Türü)": "İlk - Ret vd.",
  "Başvuru Türü": "İtiraz",
  "Başvuran (Genel) - Başvuran (Özel)": "Danıştay - Onikinci Daire",
  "Resmi Gazete": "11/04/1978 - 16256",
  "Üyeler": "Kâni VRANA Şevket MÜFTÜGİL Abdullah ÜNER Ahmet KOÇAK Şekip ÇOPUROĞLU Fahrettin ULUÇ Muhittin GÜRÜN Lütfi ÖMERBAŞ Ahmet ERDOĞDU Hasan GÜRSEL Ahmet Salih ÇEBİ Adil ESMER Nihat Oktay AKÇAKAYALIOĞLU Ahmet Hamdi BOYACIOĞLU Necdet DARICIOĞLU",
  "scrape_time": "2023-08-10 12:47:36",
  "duration_for_scraping(sec.)": 3.476
}