{
  "text": "ANAYASA MAHKEMESİ KARARI\n\nEsas Sayısı:1991/56\nKarar Sayısı : 1991/60\nKarar Günü : 31.12.1891\nR.G. Tarih-Sayı :R.G.'de yayımlanmamıştır. (Yeniden karar verilmesine yer olmadığına)\n24.12.1990 günlü, 3690 sayılı \"1981 Malî Yılı BütçeKanunu\"nun 66. maddesinin (h) fıkrasının iptaline ilişkin itiraz hakkında, sözü edilen kural daha önce Anayasa Mahkemesi'nin 27.11.1991 günlü, Esas 1991/37, Karar 1991/44 sayılı kararı ile iptal edilmiş olduğundan bu konuda BÎR KARAR VERİLMESİNE YER OLMADIĞINA,\n31.12.1991 gününde OYBİRLİĞİYLE karar verildi.\n\nBaşkan\nYekta Güngör   ÖZDEN\nBaşkanvekili\nGüven DİNÇER\nÜye\nServet TÜZÜN\nÜye\nMustafa ŞAHİN\nÜye\nİhsan PEKEL\nÜye\nSelçuk TÜZÜN\nÜye\nAhmet N. SEZER\nÜye\nErol CANSEL\nÜye\nYavuz   NAZAROĞLU\nÜye\nHaşim KILIÇ\nÜye\nYalçın ACARGÜN\n",
  "address": "https://normkararlarbilgibankasi.anayasa.gov.tr/ND/1991/60",
  "pno": 2659,
  "id": "1991-60__eTjLr",
  "Dönemi": "1982",
  "Karar No": "1991/60",
  "Esas No": "1991/56",
  "İlk İnceleme Tarihi": "31/12/1991",
  "Karar Tarihi": "31/12/1991",
  "Künye": "(AYM, E.1991/56, K.1991/60, 31/12/1991, § …) Kopyala",
  "Dosya Sonucu (Karar Türü)": "İlk - Ret vd.",
  "Başvuru Türü": "İtiraz",
  "Başvuran (Genel) - Başvuran (Özel)": "İdare Mahkemesi - Ankara 4",
  "Üyeler": "Yekta Güngör ÖZDEN Güven DİNÇER Servet TÜZÜN Mustafa ŞAHİN İhsan PEKEL Selçuk TÜZÜN Ahmet Necdet SEZER Erol CANSEL Yavuz NAZAROĞLU Haşim KILIÇ Yalçın ACARGÜN",
  "scrape_time": "2023-08-10 12:12:34",
  "duration_for_scraping(sec.)": 2.624
}