{
  "text": "ANAYASA MAHKEMESİ KARARI\n\nEsas Sayısı: 1991-45\nKarar Sayısı: 1991-46\nKarar Günü: 3.12.1991\nR.G. Tarih-Sayı :R.G.'de yayımlanmamıştır. (İade)\n10.11.1983 günlü, 2949 sayılı Anayasa Mahkemesinin Kuruluşu ve Yargılama Usulleri Hakkında Kanun'un 28. maddesinde; bir davaya bakmakta olan mahkemenin taraflardan birinin ileri sürdüğü Anayasa'ya aykırılık savının ciddî olduğu kanısına varması durumunda, tarafların bu konudaki sav ve savunmaları ile kendi kararını ve mahkemece konuyla ilgili görülen belgelerin onanlı örneklerini Anayasa Mahkemesi Başkanlığı'na göndereceği öngörülmektedir.\nİncelenen dosyada, Anayasa Mahkemesi'nin bu itiraz işiyle ilgili 24.9.1991 günlü, Esas 1991-35, Karar 1991-31 ile 5.11.1991 günlü, Esas 1991-40, Karar 1991-41 sayılı geri çevirme kararında belirtilen eksiklikler giderilmemiş, Yargıtay ilâmının her sayfasının onanlı örneği yerine fotokopisinin ve gerekçeli mahkeme kararının yalnız son sayfası onanmış teksirinin gönderilmesiyle yetinilmiştir.\nGiderilmeyen bu eksiklikler nedeniyle İŞİN GERİ ÇEVRİLMESİNE,\n3.12.1991 gününde OYBİRLİĞİYLE karar verildi.\nBaşkan\nYekta Güngör   ÖZDEN\nÜye\nYılmaz   ALİEFENDİOĞLU\nÜye\nServet TÜZÜN\nÜye\nMustafa ŞAHİN\nÜye\nİhsan PEKEL\nÜye\nSelçuk TÜZÜN\nÜye\nAhmet N. SEZER\nÜye\nErol CANSEL\nÜye\nYavuz   NAZAROĞLU\nÜye\nHaşim KILIÇ\nÜye\nYalçın ACARGÜN\n",
  "address": "https://normkararlarbilgibankasi.anayasa.gov.tr/ND/1991/46",
  "pno": 2611,
  "id": "1991-46__KsG",
  "Dönemi": "1982",
  "Karar No": "1991/46",
  "Esas No": "1991/45",
  "İlk İnceleme Tarihi": "03/12/1991",
  "Karar Tarihi": "03/12/1991",
  "Künye": "(AYM, E.1991/45, K.1991/46, 03/12/1991, § …) Kopyala",
  "Dosya Sonucu (Karar Türü)": "İlk - Ret vd.",
  "Başvuru Türü": "İtiraz",
  "Başvuran (Genel) - Başvuran (Özel)": "Devlet Güvenlik Mahkemesi - İzmir",
  "Üyeler": "Yekta Güngör ÖZDEN Güven DİNÇER M. Yılmaz ALİEFENDİOĞLU Servet TÜZÜN Mustafa ŞAHİN İhsan PEKEL Selçuk TÜZÜN Ahmet Necdet SEZER Yavuz NAZAROĞLU Haşim KILIÇ Yalçın ACARGÜN",
  "scrape_time": "2023-08-10 12:09:19",
  "duration_for_scraping(sec.)": 3.014
}