{
  "text": "ANAYASA MAHKEMESİ KARARI\n\nEsas Sayısı:1994/65\nKarar Sayısı: 1994/62\nKarar Günü: 21.7.1994\nResmi Gazete Tarih / Sayı : İstem reddedildiği için Resmi Gazeteye gönderilmez\n\n30.5.1994 günlü, 532 sayılı \"Özelleştirmeye Bağlı İş Kaybı Tazminatı ve Yeni Bir İş Bulma, Meslek Geliştirme, Edindirme ve Yetiştirme Eğitimi ile ilgili Hizmetlerin Verilmesi Hakkında Kanun Hükmünde Kararname\"nin;\nA- Yürürlüğün durdurulması isteminin REDDİNE, Yekta Güngör ÖZDEN, Güven DİNÇER, Selçuk TÜZÜN, Ahmet N. SEZER ile Ali HÜNER'in karşıoyları ve OYÇOKLUĞUYLA,\nB- Dayanağını oluşturan 5.5.1994 günlü, 3987 sayılı Yetki Yasası'nın Anayasa Mahkemesi'nin 7.7.1994 günlü, Esas 1994/49, Karar 1994/45-2 sayılı kararıyla iptal edilmesi nedeniyle Anayasa'ya aykırı olduğuna ve İPTALİNE, Haşim KILIÇ ile Sacit ADALI'nın \"Kararnamenin dayanağını oluşturan Yetki Yasası'nın iptali, önceden çıkarılmış kararnamenin iptal gerekçesi olamayacağı\" yolundaki karşıoyları ve OYÇOKLUĞUYLA,\n21.7.1994 gününde karar verildi.\nBaşkan\nYekta Göngör   ÖZDEN\nBaşkanvekili\nGüven DİNÇER\nÜye\nİhsan PEKEL\nÜye\nSelçuk TÜZÜN\nÜye\nAhmet N. SEZER\nÜye\nHaşim KILIÇ\nÜye\nYalçın ACARGÜN\nÜye\nMustafa BUMİN\nÜye\nSacit ADALI\nÜye\nAli HÜNER\nÜye\nLütfi F. TUNCEL\n\n",
  "address": "https://normkararlarbilgibankasi.anayasa.gov.tr/ND/1994/62",
  "pno": 2564,
  "id": "1994-62__RoE",
  "Dönemi": "1982",
  "Karar No": "1994/62",
  "Esas No": "1994/65",
  "İlk İnceleme Tarihi": "Herhangi bir tarih bulunamamıştır.",
  "Karar Tarihi": "21/07/1994",
  "Künye": "(AYM, E.1994/65, K.1994/62, 21/07/1994, § …) Kopyala",
  "Dosya Sonucu (Karar Türü)": "Esas - İptal",
  "Başvuru Türü": "İptal",
  "Başvuran (Genel) - Başvuran (Özel)": "Anamuhalefet Partisi Meclis Grubu - Anavatan Partisi",
  "Karşı Oy": "Var",
  "Üyeler": "Yekta Güngör ÖZDEN Mustafa GÖNÜL İhsan PEKEL Selçuk TÜZÜN Ahmet Necdet SEZER Haşim KILIÇ Yalçın ACARGÜN Sacit ADALI Ali HÜNER Lütfi Fikret TUNCEL",
  "scrape_time": "2023-08-10 12:06:43",
  "duration_for_scraping(sec.)": 2.692
}