{
  "text": "\nANAYASA MAHKEMESİ KARARI\n\nEsas Sayısı : 1996/35\nKarar Sayısı : 1997/10\nKarar Günü : 31.1.1997\nR.G. Tarih-Sayı :R.G.'de yayımlanmamıştır. Yeniden karar verilmesine yer olmadığına\nİTİRAZ YOLUNA BAŞVURAN : Yargıtay 10. Hukuk Dairesi\nİTİRAZIN KONUSU : 24.11.1994 günlü, 4046 sayılı Özelleştirme Uygulamalarının Düzenlenmesine ve Bazı Kanun ve Kanun Hükmünde Kararnamelerde Değişiklik Yapılmasına Dair Kanun'un Geçici 15. maddesinin, Anayasa'nın 10. ve 60. maddelerine aykırılığı savıyla iptali istemidir.\nI- OLAY\nTemyiz incelemesi sırasında Yargıtay 10. Hukuk Dairesi 4046 sayılı Yasa'nın geçici 15. maddesinin Anayasa'ya aykırı olduğu kanısına vararak iptali istemiyle başvurmuştur.\nIII- YASA METİNLERİ\nA- İtiraz Konusu Yasa Kuralı\n4046 sayılı Yasa'nın itiraz konusu Geçici 15. maddesi şöyledir :\n\"Geçici Madde 15- Bu Kanunun yürürlüğe girdiği tarihte özelleştirme kapsamında bulunan kuruluşlar ile bundan sonra özelleştirme kapsamına alınacak kuruluşların taşınır ve taşınmaz her türlü mal, hak ve alacakları, bu kuruluşlar özelleştirme kapsamında kaldığı sürece haczedilemez. Konulmuş olan hacizler kalkar ve takipler düşer. Bu kuruluşların doğmuş veya doğacak borçlarından dolayı uygulanacak faiz oranı, TC. Merkez Bankası'nca belirlenen (vade tarihindeki) reeskont faiz oranlarını geçemez.\"\nB- Dayanılan Anayasa Kuralları\nBaşvuru kararında, Anayasa'nın 10. ve 60. maddelerine dayanılmıştır.\nIV- İLK İNCELEME\nAnayasa Mahkemesi İçtüzüğü'nün 8. maddesi uyarınca Yekta Güngör ÖZDEN, Güven DİNÇER, Selçuk TÜZÜN, Ahmet N. SEZER, Samia AKBULUT, Haşim KILIÇ, Yalçın ACARGÜN, Mustafa BUMİN, Sacit ADALI, Ali HÜNER ve Lütfi F. TUNCEL'in katılmalarıyla 10.7.1996 günü yapılan ilk inceleme toplantısında; dosyada eksiklik bulunmadığından işin esasının incelenmesine, sınırlama sorununun esas inceleme evresinde ele alınmasına oybirliğiyle karar verilmiştir.\nV- ESASIN İNCELENMESİ\nİşin esasına ilişkin rapor, başvuru kararı ve ekleri, iptali istenilen Yasa kuralıyla, dayanılan Anayasa kuralları, bunların gerekçeleri ve öteki yasama belgeleri okunup incelendikten sonra gereği görüşülüp düşünüldü; sınırlama yapılmasına gerek görülmeyerek esasın incelenmesine geçildi.\nBaşvuru kararında, itiraz konusu yasa kuralının, sigorta primlerinin tahsilinde en etkili yol olan icra takibi ve haciz yollarını kaldırmasının, sosyal güvenlik hizmetlerinin aksamasına yol açacağı, ayrıca özelleştirme kapsamına alınan kuruluşların, alınmayanlara göre ayrıcalıklı duruma geçecekleri bu nedenle, Anayasa'nın 60. ve 10. maddelerine aykırı olduğu ileri sürülerek iptali istenmiştir.\nİtiraz konusu 4046 sayılı Özelleştirme Uygulamalarının Düzenlenmesine ve Bazı Kanun ve Kanun Hükmünde Kararnamelerde Değişiklik Yapılmasına Dair Kanun'un Geçici 15. Maddesi Anayasa Mahkemesi'nin 31.1.1997 günlü, Esas: 1996/66, Karar: 1997/7 sayılı kararıyla iptal edilmiştir. Bu nedenle işin esası hakkında aynı konuda yeni bir karar verilmesine gerek görülmemiştir.\nVI- SONUÇ\n24.11.1994 günlü, 4046 sayılı \"Özelleştirme Uygulamalarının Düzenlenmesine ve Bazı Kanun ve Kanun Hükmünde Kararnamelerde Değişiklik Yapılmasına Dair Kanun\"un geçici 15. maddesi, Anayasa Mahkemesi'nin 31.1.1997 günlü, Esas: 1996/66, Karar: 1997/7 sayılı kararıyla iptal edildiğinden AYNI KONUDA YENİDEN KARAR VERİLMESİNE YER OLMADIĞINA,\n31.1.1997 gününde OYBİRLİĞİYLE karar verildi.\n\nBaşkan\nYekta Güngör   ÖZDEN\nBaşkanvekili\nGüven DİNÇER\nÜye\nSelçuk TÜZÜN\n\n\n\n\n\nÜye\nAhmet N. SEZER\nÜye\nHaşim KILIÇ\nÜye\nYalçın ACARGÜN\n\n\n\n\n\nÜye\nMustafa BUMİN\nÜye\nSacit ADALI\nÜye\nAli HÜNER\n\n\nÜye\nLütfi F.   TUNCEL\n\nÜye\nFulya   KANTARCIOĞLU\n",
  "address": "https://normkararlarbilgibankasi.anayasa.gov.tr/ND/1997/10",
  "pno": 2474,
  "id": "1997-10__iPA",
  "Dönemi": "1982",
  "Karar No": "1997/10",
  "Esas No": "1996/35",
  "İlk İnceleme Tarihi": "10/07/1996",
  "Karar Tarihi": "31/01/1997",
  "Künye": "(AYM, E.1996/35, K.1997/10, 31/01/1997, § …) Kopyala",
  "Dosya Sonucu (Karar Türü)": "Esas - Diğer",
  "Başvuru Türü": "İtiraz",
  "Başvuran (Genel) - Başvuran (Özel)": "Yargıtay - 10. Hukuk Dairesi",
  "Üyeler": "Yekta Güngör ÖZDEN Güven DİNÇER Selçuk TÜZÜN Ahmet Necdet SEZER Haşim KILIÇ Yalçın ACARGÜN Sacit ADALI Ali HÜNER Lütfi Fikret TUNCEL Fulya KANTARCIOĞLU",
  "scrape_time": "2023-08-10 12:00:56",
  "duration_for_scraping(sec.)": 2.746
}