{
  "text": "ANAYASA MAHKEMESİ KARARI\n\nEsas Sayısı : 1998/30\nKarar Sayısı : 1998/38\nKarar Günü : 23.6.1998\nR.G. Tarih-Sayı :R.G.'de yayımlanmamıştır. (Yeniden karar verilmesine yer olmadığına)\n\nİTİRAZ YOLUNA BAŞVURAN :Mut Asliye Ceza Mahkemesi\nİTİRAZIN KONUSU :1.3.1926 günlü, 765 sayılı \"Türk Ceza Kanunu\"nun 440. maddesinin, Anayasa'nın 10. maddesine aykırılığı savıyla iptali istemidir.\nI-OLAY\nSanığın Türk Ceza Kanunu'nun 440. maddesi uyarınca cezalandırılması istemiyle açılan kamu davasında Mahkeme, kocanın zinasına ilişkin Türk Ceza Kanunu'nun 441. maddesinin iptal edilmesine karşın bu konuda yasal düzenleme yapılmaması nedeniyle, karının zinasını cezalandıran Türk Ceza Kanunu'nun 440. maddesinin yasa önünde eşitlik ilkesine aykırılık oluşturduğunu ileri sürerek iptali için başvurmuştur.\nII- İLK İNCELEME\nAnayasa Mahkemesi İçtüzüğü'nün 8. maddesi uyarınca, Ahmet Necdet SEZER, Güven DİNÇER, Samia AKBULUT, Haşim KILIÇ, Yalçın ACARGÜN, Mustafa BUMİN, Sacit ADALI, Ali HÜNER, Lütfi F. TUNCEL, Fulya KANTARCIOĞLU ve Mahir Can ILICAK'ın katılmalarıyla 23.6.1998 gününde yapılan ilk inceleme toplantısında dosyada eksiklik bulunmadığından işin esasının incelenmesine oybirliğiyle karar verilmiştir.\nIII- ESASIN İNCELENMESİ\nBaşvuru kararı ve ekleri, işin esasına ilişkin rapor, iptali istenilen yasa kuralı, Anayasa'ya aykırılık savına dayanak yapılan Anayasa kuralıyla bunlarla ilgili gerekçeler ve dosyada bulunan tüm belgeler okunup incelendikten sonra gereği görüşülüp düşünüldü:\nMahkeme, Türk Ceza Kanunu'nun 440. maddesinin Anayasa'nın 10. maddesine aykırılık oluşturduğunu ileri sürerek, iptali isteminde bulunmuştur. Ancak, Türk Ceza Kanunu'nun 440. maddesi Anayasa Mahkemesi'nin 23.6.1998 günlü, Esas 1998/3, Karar 1998/28 sayılı kararıyla iptal edilmiştir. Bu durumda, kural hakkında yeniden karar verilmesine gerek bulunmamaktadır.\nIV- SONUÇ\n1.3.1926 günlü, 765 sayılı \"Türk Ceza Kanunu\"nun 440. maddesi 23.6.1998 günlü, E. 1998/3, K. 1998/28 sayılı kararla iptal edildiğinden KURAL HAKKINDA YENİDEN KARAR VERİLMESİNE YER OLMADIĞINA, 23.6.1998 gününde OYBİRLİĞİYLE karar verildi.\nBaşkan\nAhmet Necdet   SEZER\nBaşkanvekili\nGüven DİNÇER\nÜye\nSamia AKBULUT\nÜye\nHaşim KILIÇ\nÜye\nYalçın ACARGÜN\nÜye\nMustafa BUMİN\nÜye\nSacit ADALI\nÜye\nAli HÜNER\nÜye\nLütfi F.   TUNCEL\nÜye\nFulya   KANTARCIOĞLU\nÜye\nMahir Can   ILICAK\n\n\n\n\n\n\n\n\n\n",
  "address": "https://normkararlarbilgibankasi.anayasa.gov.tr/ND/1998/38",
  "pno": 2403,
  "id": "1998-38__bUD",
  "Dönemi": "1982",
  "Karar No": "1998/38",
  "Esas No": "1998/30",
  "İlk İnceleme Tarihi": "23/06/1998",
  "Karar Tarihi": "23/06/1998",
  "Künye": "(AYM, E.1998/30, K.1998/38, 23/06/1998, § …) Kopyala",
  "Dosya Sonucu (Karar Türü)": "Esas - Diğer",
  "Başvuru Türü": "İtiraz",
  "Başvuran (Genel) - Başvuran (Özel)": "Asliye Ceza Mahkemesi - Mut",
  "Üyeler": "Ahmet Necdet SEZER Güven DİNÇER Haşim KILIÇ Yalçın ACARGÜN Sacit ADALI Ali HÜNER Lütfi Fikret TUNCEL Fulya KANTARCIOĞLU Mahir Can ILICAK Rüştü SÖNMEZ",
  "scrape_time": "2023-08-10 11:57:05",
  "duration_for_scraping(sec.)": 12.718
}