{
  "text": "ANAYASA MAHKEMESİ KARARI\n\nEsas Sayısı : 2000/30\nKarar Sayısı : 2000/11\nKarar Günü : 18.5.2000\nR.G. Tarih-Sayı :R.G.'de yayımlanmamıştır. (İade)\n\nİLK İNCELEME KARARI\nBir davaya bakmakta olan Mahkemenin, uygulanacak bir kanun ya da kanun hükmünde kararname kurallarını Anayasa'ya aykırı görmesi veya taraflardan birinin ileri sürdüğü Anayasa'ya aykırılık savının ciddi olduğu kanısına varması durumunda, kendisini bu kanıya ulaştıran görüşünü açıklayan kararı ekinde, tarafların bu konudaki sav ve savunmaları ile dosya içeriğinden bu konu ile ilgili gördüğü belgelerin onaylı örneklerini Anayasa Mahkemesi Başkanlığı'na göndermesi, 2949 sayılı Anayasa Mahkemesinin Kuruluşu ve Yargılama Usulleri Hakkında Yasa'nın 28. maddesi gereğidir.\nDosyada, başvuru kararı ekindeki ilgili belgelerin onaylı örnekleri yerine, onaysız fotokopilerinin gönderildiği saptanmıştır.\nEksikliğin giderilmesi için İŞİN GERİ ÇEVRİLMESİNE,\n18.5.2000 gününde OYBİRLİĞİYLE karar verildi.\nBaşkanvekili\nHaşim KILIÇ\nÜye\nSamia AKBULUT\nÜye\nYalçın ACARGÜN\nÜye\nMustafa BUMİN\nÜye\nSacit ADALI\nÜye\nMustafa   YAKUPOĞLU\nÜye\nFulya   KANTARCIOĞLU\nÜye\nMahir Can   ILICAK\nÜye\nRüştü SÖNMEZ\nÜye\nErtuğrul ERSOY\nÜye\nTülay TUĞCU\n",
  "address": "https://normkararlarbilgibankasi.anayasa.gov.tr/ND/2000/11",
  "pno": 2321,
  "id": "2000-11__XmS",
  "Dönemi": "1982",
  "Karar No": "2000/11",
  "Esas No": "2000/30",
  "İlk İnceleme Tarihi": "18/05/2000",
  "Karar Tarihi": "18/05/2000",
  "Künye": "(AYM, E.2000/30, K.2000/11, 18/05/2000, § …) Kopyala",
  "Dosya Sonucu (Karar Türü)": "İlk - Ret vd.",
  "Başvuru Türü": "İtiraz",
  "Başvuran (Genel) - Başvuran (Özel)": "İş Mahkemesi - Kartal 1",
  "Üyeler": "Haşim KILIÇ Samia AKBULUT Yalçın ACARGÜN Sacit ADALI Mustafa YAKUPOĞLU Fulya KANTARCIOĞLU Mahir Can ILICAK Rüştü SÖNMEZ Ertuğrul ERSOY Hatice Tülay TUĞCU",
  "scrape_time": "2023-08-10 11:51:50",
  "duration_for_scraping(sec.)": 2.696
}