{
  "text": "ANAYASA MAHKEMESİ KARARI\n\nEsas Sayısı : 2001/264\nKarar Sayısı : 2001/75\nKarar Günü : 1.5.2001\nR.G. Tarih-Sayı :R.G.'de yayımlanmamıştır. (İade)\n\nİLK İNCELEME KARARI\nBir davaya bakmakta olan Mahkeme'nin, uygulanacak bir kanun ya da kanun hükmünde kararname kurallarını Anayasa'ya aykırı görmesi veya taraflardan birinin ileri sürdüğü Anayasa'ya aykırılık savının ciddi olduğu kanısına varması durumunda, kendisini bu kanıya ulaştıran görüşünü açıklayan gerekçeli kararı ekinde, tarafların bu konudaki sav ve savunmaları ile dosya içeriğinden bu konu ile ilgili gördüğü belgelerin onaylı örneklerini Anayasa Mahkemesi Başkanlığı'na göndermesi, 2949 sayılı Anayasa Mahkemesinin Kuruluşu ve Yargılama Usulleri Hakkında Yasa'nın 28. maddesi gereğidir.\nYapılan incelemede;\n1- Başvuru kararında, dayanılan Anayasa maddelerinin gösterilmediği,\n2- Sanıklardan Adnan AKGÜNEY'in Anayasa'ya aykırılık itirazı hakkında müdahillerin görüşlerinin alınarak onaylı örneklerinin gönderilmediği,\n3- Sanık Bayram YILMAZ'la ilgili olarak Anayasa Mahkemesi'ne başvurulmasına ilişkin bir karar alınıp alınmadığının anlaşılamadığı,\n4- Sanık Adnan AKGÜNEY hakkındaki İddianame ve birleştirme kararının onaylı örneklerinin bulunmadığı,\n5- İlgili görülen belgelerin ayrı ayrı onaylanması gerekirken topluca onaylandığı,\nsaptanmıştır.\nEksikliklerin giderilmesi için İŞİN GERİ ÇEVRİLMESİNE,\n1.5.2001 gününde OYBİRLİĞİYLE karar verildi.\n\n\nBaşkan\nMustafa BUMİN\nBaşkanvekili\nHaşim KILIÇ\nÜye\nSamia AKBULUT\nÜye\nYalçın ACARGÜN\nÜye\nSacit ADALI\nÜye\nAli HÜNER\nÜye\nFulya   KANTARCIOĞLU\nÜye\nRüştü SÖNMEZ\nÜye\nErtuğrul ERSOY\nÜye\nTülay TUĞCU\nÜye\nAhmet AKYALÇIN\n\n\n\n",
  "address": "https://normkararlarbilgibankasi.anayasa.gov.tr/ND/2001/75",
  "pno": 2250,
  "id": "2001-75__DRlJj",
  "Dönemi": "1982",
  "Karar No": "2001/75",
  "Esas No": "2001/264",
  "İlk İnceleme Tarihi": "Herhangi bir tarih bulunamamıştır.",
  "Karar Tarihi": "01/05/2001",
  "Künye": "(AYM, E.2001/264, K.2001/75, 01/05/2001, § …) Kopyala",
  "Dosya Sonucu (Karar Türü)": "İlk - Ret vd.",
  "Başvuru Türü": "İtiraz",
  "Başvuran (Genel) - Başvuran (Özel)": "Asliye Ceza Mahkemesi - Nevşehir",
  "Üyeler": "Yalçın ACARGÜN Haşim KILIÇ Samia AKBULUT Sacit ADALI Ali HÜNER Fulya KANTARCIOĞLU Rüştü SÖNMEZ Ertuğrul ERSOY Hatice Tülay TUĞCU Ahmet AKYALÇIN",
  "scrape_time": "2023-08-10 11:47:35",
  "duration_for_scraping(sec.)": 2.335
}