{
  "text": "ANAYASA MAHKEMESİ KARARI\n\nEsas Sayısı: 2001/184\nKarar Sayısı: 2001/57\nKarar Günü: 27.3.2001\nR.G. Tarih-Sayı :10.05.2001-24398\n\nİTİRAZ YOLUNA BAŞVURAN: Amasya 2. Asliye Hukuk Mahkemesi\nİTİRAZIN KONUSU: 17.2.1926 günlü, 743 sayılı \"Türk Kanunu Medenisi'nin 21. maddesinin birinci fıkrasındaki, \"Kocanın ikametgâhı karının......ikametgâhı addolunur\" hükmünün Anayasa'nın 10. maddesine aykırılığı savıyla iptali istemidir.\nI- OLAY\nŞiddetli geçimsizlik nedeniyle açılan boşanma davasında, davalının 743 sayılı Yasa'nın 21. maddesinin Anayasa'nın 10. maddesine aykırılığı savını ciddi bulan Mahkeme, iptali istemiyle başvuruda bulunmuştur.\nII- İTİRAZ KONUSU KURAL\n743 sayılı Türk Kanunu Medenisi'nin iptali istenilen kuralın yer aldığı 21. maddesi şöyledir:\n\"Madde 21- Kocanın ikametgâhı karının ve ana ve babanın ikametgâhı velâyetleri altındaki çocuğun ve mahkemenin bulunduğu yer vesayet altındaki kimsenin ikametgâhı addolunur.\nİkametgâhı belli olmayan kimsenin karısı, veya kocasından ayrı yaşamağa mezun olan kadın kendisine ayrı bir ikametgâh ittihaz edebilir.\"\nIII- İLK İNCELEME\nAnayasa Mahkemesi İçtüzüğü'nün 8. maddesi uyarınca yapılan ilk inceleme toplantısında, ilk inceleme raporu, dava dosyası ve ekleri, iptali istenilen yasa hükmü ve ilgili Anayasa kuralları ile bunların gerekçeleri ve öbür yasama belgeleri okunup incelendikten sonra gereği görüşülüp düşünüldü :\n743 sayılı Türk Kanunu Medenisi'nin 21. maddesinin birinci fıkrasının iptali için daha önce yapılan başvuru 2.12.1993 günlü, Esas 1993/23, Karar 1993/55 sayılı kararla, kuralın Anayasa'ya aykırı olmadığı gerekçesi ile reddedilmiştir.\nAnayasa'nın 152. ve 2949 sayılı Yasa'nın 28. maddesine göre, Anayasa Mahkemesi'nin işin esasına girerek verdiği red kararının Resmî Gazete'de yayımlanmasından sonra on yıl geçmedikçe aynı kanun hükmünün Anayasaya aykırılığı iddiasıyla tekrar başvuruda bulunulamaz.\nAynı kural hakkında yeni bir başvurunun yapılabilmesi için, önceki kararın Resmî Gazete'de yayımlandığı 25.12.1999 gününden başlayarak geçmesi gerekli on yıllık süre henüz geçmemiştir.\nBu nedenlerle, 743 sayılı Türk Kanunu Medenisi'nin 21. maddesinin birinci fıkrasındaki \"kocanın ikametgahı karının....ikametgahı addolunur\" hükmüne ilişkin başvurunun, Anayasa'nın 152. ve 2949 sayılı Yasa'nın 28. maddesi gereğince reddi gerekir.\nIV- SONUÇ\n17.2.1926 günlü, 743 sayılı \"Türk Kanunu Medenisi\"nin 21. maddesinin birinci fıkrasında yer alan \"Kocanın ikametgâhı karının... ikametgâhı addolunur\" hükmüne ilişkin itiraz başvurusunun, Anayasa'nın 152. ve 2949 sayılı Yasa'nın 28. maddelerinin son fıkraları gereğince REDDİNE, 27.3.2001 gününde OYBİRLİĞİYLE karar verildi.\n\n\n\nBaşkan\nMustafa BUMİN\nBaşkanvekili\nHaşim KILIÇ\nÜye\nYalçın ACARGÜN\n\n\n\nÜye\nSacit ADALI\nÜye\nAli HÜNER\nÜye\nFulya   KANTARCIOĞLU\n\n\n\nÜye\nMahir Can   ILICAK\nÜye\nRüştü SÖNMEZ\nÜye\nErtuğrul ERSOY\n\n\nÜye\nTülay TUĞCU\nÜye\nAhmet AKYALÇIN\n",
  "address": "https://normkararlarbilgibankasi.anayasa.gov.tr/ND/2001/57",
  "pno": 2262,
  "id": "2001-57__Grj",
  "Dönemi": "1982",
  "Karar No": "2001/57",
  "Esas No": "2001/184",
  "İlk İnceleme Tarihi": "27/03/2001",
  "Karar Tarihi": "27/03/2001",
  "Künye": "(AYM, E.2001/184, K.2001/57, 27/03/2001, § …) Kopyala",
  "Dosya Sonucu (Karar Türü)": "İlk - Ret vd.",
  "Başvuru Türü": "İtiraz",
  "Başvuran (Genel) - Başvuran (Özel)": "Asliye Hukuk Mahkemesi - Amasya 2",
  "Resmi Gazete": "10/05/2001 - 24398",
  "Üyeler": "Yalçın ACARGÜN Haşim KILIÇ Sacit ADALI Ali HÜNER Fulya KANTARCIOĞLU Mahir Can ILICAK Rüştü SÖNMEZ Ertuğrul ERSOY Hatice Tülay TUĞCU Ahmet AKYALÇIN",
  "scrape_time": "2023-08-10 11:48:20",
  "duration_for_scraping(sec.)": 2.381
}