{
  "text": "ANAYASA MAHKEMESİ KARARI\n\nEsas Sayısı : 2003/68\nKarar Sayısı : 2003/73\nKarar Günü : 23.7.2003\nR.G. Tarih-Sayı :R.G.'de yayımlanmamıştır. (İade)\n\nİLK İNCELEME KARARI\nBir davaya bakmakta olan Mahkeme'nin, uygulanacak bir kanun ya da kanun hükmünde kararname kurallarını Anayasa'ya aykırı görmesi veya taraflardan birinin ileri sürdüğü Anayasa'ya aykırılık savının ciddi olduğu kanısına varması durumunda, kendisini bu kanıya ulaştıran görüşünün yer aldığı gerekçeli kararının aslı ekinde, tarafların bu konudaki sav ve savunmaları ile dosya içeriğinden bu konu ile ilgili gördüğü belgelerin onaylı örneklerini Anayasa Mahkemesi Başkanlığı'na göndermesi, 2949 sayılı Anayasa Mahkemesinin Kuruluşu ve Yargılama Usulleri Hakkında Yasa'nın 28. maddesi gereğidir.\nYapılan incelemede;\n1- 11.6.2003 günlü, E. 2002/739 sayılı başvuru kararında, iptali istenen yasa kuralının hangi nedenlerle Anayasa'nın ileri sürülen kurallarına aykırı olduğunun belirtilmediği,\n2- İlgili görülen belgelerin onaylı örnekleri yerine dosyanın aslının gönderildiği, saptanmıştır.\nEksikliklerin giderilmesi için İŞİN GERİ ÇEVRİLMESİNE,\n23.7.2003 gününde OYBİRLİĞİYLE karar verildi.\nBaşkan\nMustafa BUMİN\nBaşkanvekili\nHaşim KILIÇ\nÜye\nSamia AKBULUT\nÜye\nYalçın ACARGÜN\nÜye\nSacit ADALI\nÜye\nAli HÜNER\nÜye\nFulya   KANTARCIOĞLU\nÜye\nAysel PEKİNER\nÜye\nErtuğrul ERSOY\nÜye\nAhmet AKYALÇIN\nÜye\nMehmet ERTEN\n",
  "address": "https://normkararlarbilgibankasi.anayasa.gov.tr/ND/2003/73",
  "pno": 2109,
  "id": "2003-73__PWKQk",
  "Dönemi": "1982",
  "Karar No": "2003/73",
  "Esas No": "2003/68",
  "İlk İnceleme Tarihi": "Herhangi bir tarih bulunamamıştır.",
  "Karar Tarihi": "23/07/2003",
  "Künye": "(AYM, E.2003/68, K.2003/73, 23/07/2003, § …) Kopyala",
  "Dosya Sonucu (Karar Türü)": "İlk - Ret vd.",
  "Başvuru Türü": "İtiraz",
  "Başvuran (Genel) - Başvuran (Özel)": "İdare Mahkemesi - Ankara 7",
  "Üyeler": "Yalçın ACARGÜN Haşim KILIÇ Sacit ADALI Ali HÜNER Fulya KANTARCIOĞLU Aysel PEKİNER Ertuğrul ERSOY Hatice Tülay TUĞCU Ahmet AKYALÇIN Mehmet ERTEN Fazıl SAĞLAM",
  "duration_for_scraping(sec.)": 2.467,
  "scrape_time": "2023-08-09 15:37:00"
}