{
  "text": "ANAYASA MAHKEMESİ KARARI\n\nEsas Sayısı : 2003/69\nKarar Sayısı : 2003/78\nKarar Günü : 11.9.2003\nR.G. Tarih-Sayı :R.G.'de yayımlanmamıştır. (İade)\n\nİLK İNCELEME KARARI\nBir davaya bakmakta olan Mahkeme'nin, uygulanacak bir kanun ya da kanun hükmünde kararname kurallarını Anayasa'ya aykırı görmesi veya taraflardan birinin ileri sürdüğü Anayasa'ya aykırılık savının ciddi olduğu kanısına varması durumunda, kendisini bu kanıya ulaştıran görüşünün yer aldığı gerekçeli kararının aslı ekinde, tarafların bu konudaki sav ve savunmaları ile dosya içeriğinden bu konu ile ilgili gördüğü belgelerin onaylı örneklerini Anayasa Mahkemesi Başkanlığı'na göndermesi, 2949 sayılı Anayasa Mahkemesinin Kuruluşu ve Yargılama Usulleri Hakkında Yasa'nın 28. maddesi gereğidir.\nYapılan incelemede;\n1- Başvuru kararında, itiraz konusu yasa maddelerinin tümünün iptalinin istenilmesine karşın, bu maddelerin kimi bölümleri için gerekçe gösterildiği saptandığından, maddelerin tümünün mü yoksa gerekçe gösterilen bölümlerinin mi iptalinin istenildiği anlaşılamamıştır.\n2- İlgili görülen belgelerin onaylı örnekleri yerine dosyanın aslının gönderildiği saptanmıştır.\nEksikliklerin giderilmesi için İŞİN GERİ ÇEVRİLMESİNE, 11.9.2003 gününde OYBİRLİĞİYLE karar verildi.\n\n\n\nBaşkan\nMustafa BUMİN\nBaşkanvekili\nHaşim KILIÇ\nÜye\nSamia AKBULUT\n\n\n\nÜye\nYalçın ACARGÜN\nÜye\nSacit ADALI\nÜye\nAli HÜNER\n\n\n\nÜye\nFulya   KANTARCIOĞLU\nÜye\nAysel PEKİNER\nÜye\nErtuğrul ERSOY\n\n\nÜye\nTülay TUĞCU\nÜye\nMehmet ERTEN\n\n",
  "address": "https://normkararlarbilgibankasi.anayasa.gov.tr/ND/2003/78",
  "pno": 2119,
  "id": "2003-78__HslGk",
  "Dönemi": "1982",
  "Karar No": "2003/78",
  "Esas No": "2003/69",
  "İlk İnceleme Tarihi": "Herhangi bir tarih bulunamamıştır.",
  "Karar Tarihi": "11/09/2003",
  "Künye": "(AYM, E.2003/69, K.2003/78, 11/09/2003, § …) Kopyala",
  "Dosya Sonucu (Karar Türü)": "İlk - Ret vd.",
  "Başvuru Türü": "İtiraz",
  "Başvuran (Genel) - Başvuran (Özel)": "Asliye Hukuk Mahkemesi (İş) - Güneysu",
  "Üyeler": "Yalçın ACARGÜN Haşim KILIÇ Samia AKBULUT Sacit ADALI Ali HÜNER Fulya KANTARCIOĞLU Aysel PEKİNER Ertuğrul ERSOY Ahmet AKYALÇIN Mehmet ERTEN",
  "duration_for_scraping(sec.)": 4.083,
  "scrape_time": "2023-08-09 15:37:37"
}