{
  "text": "ANAYASA MAHKEMESİ KARARI\n\n\nEsas Sayısı : 2005/115\nKarar Sayısı : 2005/49\nKarar Günü : 27.9.2005\nResmi Gazete Tarih-Sayısı : Geri Çevirme\n\nİLK İNCELEME KARARI\n\nBir davaya bakmakta olan Mahkeme'nin, uygulanacak bir kanun ya da kanun hükmünde kararname kurallarını Anayasa'ya aykırı görmesi veya taraflardan birinin ileri sürdüğü Anayasa'ya aykırılık savının ciddi olduğu kanısına varması durumunda, buna ilişkin görüşlerinin yer aldığı gerekçeli kararının aslı ile tarafların bu konudaki sav ve savunmaları ve dosya içeriğinden bu konu ile ilgili gördüğü belgelerin onaylı örneklerini Anayasa Mahkemesi Başkanlığı'na göndermesi, 2949 sayılı Anayasa Mahkemesinin Kuruluşu ve Yargılama Usulleri Hakkında Yasa'nın 28. maddesi gereğidir.\nYapılan incelemede;\n1- Gerekçeli başvuru kararının hakim tarafından imzalanmadığı,\n2- Başvuru kararında, Anayasa'nın 36. maddesi yönünden Anayasa'ya aykırılık gerekçesinin belirtilmediği,\n3- İlgili görülen belgelerin onaylı örnekleri yerine dosyanın aslının gönderildiği,\nsaptanmıştır.\nEksikliklerin giderilmesi için İŞİN GERİ ÇEVRİLMESİNE, 27.9.2005 gününde OYBİRLİĞİYLE karar verildi.\n\nBaşkan\nTülay   TUĞCU\nBaşkanvekili\nHaşim   KILIÇ\nÜye\nSacit   ADALI\n\n\nÜye\nFulya   KANTARCIOĞLU\nÜye\nAhmet   AKYALÇIN\nÜye\nMehmet   ERTEN\n\n\n\n\nÜye\nA.   Necmi ÖZLER\nÜye\nSerdar   ÖZGÜLDÜR\nÜye\nŞevket   APALAK\n\n\n\n\nÜye\nSerruh   KALELİ\nÜye\nOsman   Alifeyyaz PAKSÜT\n",
  "address": "https://normkararlarbilgibankasi.anayasa.gov.tr/ND/2005/49",
  "pno": 1980,
  "id": "2005-49__BbGFr",
  "Dönemi": "1982",
  "Karar No": "2005/49",
  "Esas No": "2005/115",
  "İlk İnceleme Tarihi": "27/09/2005",
  "Karar Tarihi": "27/09/2005",
  "Künye": "(AYM, E.2005/115, K.2005/49, 27/09/2005, § …) Kopyala",
  "Dosya Sonucu (Karar Türü)": "İlk - Ret vd.",
  "Başvuru Türü": "İtiraz",
  "Başvuran (Genel) - Başvuran (Özel)": "Asliye Ceza Mahkemesi - Silopi 2",
  "Üyeler": "Hatice Tülay TUĞCU Haşim KILIÇ Sacit ADALI Fulya KANTARCIOĞLU Ahmet AKYALÇIN Mehmet ERTEN Abdullah Necmi ÖZLER Serdar ÖZGÜLDÜR Şevket APALAK Serruh KALELİ Osman Alifeyyaz PAKSÜT",
  "duration_for_scraping(sec.)": 3.098,
  "scrape_time": "2023-08-09 15:28:46"
}