{
  "text": "ANAYASA MAHKEMESİ KARARI\n\nEsas Sayısı       : 2005/24\nKarar Sayısı     : 2005/12\nKarar Günü      : 9.3.2005\nR.G. Tarih-Sayı :R.G.'de yayımlanmamıştır. (İade)\n\nİLK İNCELEME KARARI\n\nBir davaya bakmakta olan Mahkeme'nin, uygulanacak bir kanun ya da kanun hükmünde kararname kurallarını Anayasa'ya aykırı görmesi veya taraflardan birinin ileri sürdüğü Anayasa'ya aykırılık savının ciddi olduğu kanısına varması durumunda, buna ilişkin görüşlerinin yer aldığı gerekçeli kararının aslı ile tarafların bu konudaki sav ve savunmaları ve dosya içeriğinden bu konu ile ilgili gördüğü belgelerin onaylı örneklerini Anayasa Mahkemesi Başkanlığı'na göndermesi, 2949 sayılı Anayasa Mahkemesinin Kuruluşu ve Yargılama Usulleri Hakkında Yasa'nın 28. maddesi gereğidir.\nYapılan incelemede;\n1- Başvuru kararının aslı yerine fotokopisinin gönderildiği,\n2- Başvuru kararı ekinde gönderilen belgelerin mahkeme mührüyle mühürlenmediği,\nsaptanmıştır.\nEksikliklerin giderilmesi için İŞİN GERİ ÇEVRİLMESİNE,  9.3.2005 gününde OYBİRLİĞİYLE karar verildi.\n\nBaşkan\nMustafa BUMİN\nBaşkanvekili\nHaşim KILIÇ\nÜye\nSacit ADALI\n\nÜye\nFulya   KANTARCIOĞLU\nÜye\nAhmet AKYALÇIN\nÜye\nMehmet ERTEN\n\n\nÜye\nMustafa   YILDIRIM\nÜye\nCafer ŞAT\nÜye\nA. Necmi ÖZLER\n\n\nÜye\nAli GÜZEL\nÜye\nSerdar   ÖZGÜLDÜR\n\n\n",
  "address": "https://normkararlarbilgibankasi.anayasa.gov.tr/ND/2005/12",
  "pno": 2003,
  "id": "2005-12__QFjpq",
  "Dönemi": "1982",
  "Karar No": "2005/12",
  "Esas No": "2005/24",
  "İlk İnceleme Tarihi": "09/03/2005",
  "Karar Tarihi": "09/03/2005",
  "Künye": "(AYM, E.2005/24, K.2005/12, 09/03/2005, § …) Kopyala",
  "Dosya Sonucu (Karar Türü)": "İlk - Ret vd.",
  "Başvuru Türü": "İtiraz",
  "Başvuran (Genel) - Başvuran (Özel)": "Asliye Hukuk Mahkemesi (İş) - Sinop",
  "Üyeler": "Yalçın ACARGÜN Haşim KILIÇ Sacit ADALI Fulya KANTARCIOĞLU Ahmet AKYALÇIN Mehmet ERTEN Mustafa YILDIRIM Cafer ŞAT Abdullah Necmi ÖZLER Ali GÜZEL Serdar ÖZGÜLDÜR",
  "duration_for_scraping(sec.)": 2.765,
  "scrape_time": "2023-08-09 15:30:22"
}