{
  "text": "ANAYASA MAHKEMESİ KARARI\n\n\nEsas Sayısı : 2007/19\nKarar Sayısı : 2007/20\nKarar Günü : 27.2.2007\nResmi Gazete Tarih-Sayısı : Geri çevirme\n\nİLK İNCELEME KARARI\n\nBir davaya bakmakta olan Mahkeme'nin, uygulanacak bir kanun ya da kanun hükmünde kararname kurallarını Anayasa'ya aykırı görmesi veya taraflardan birinin ileri sürdüğü Anayasa'ya aykırılık savının ciddi olduğu kanısına varması durumunda, buna ilişkin görüşlerinin yer aldığı gerekçeli kararının aslı ile tarafların bu konudaki sav ve savunmaları ve dosya içeriğinden bu konu ile ilgili gördüğü belgelerin onaylı örneklerini Anayasa Mahkemesi Başkanlığı'na göndermesi, 2949 sayılı Anayasa Mahkemesinin Kuruluşu ve Yargılama Usulleri Hakkında Yasa'nın 28. maddesi gereğidir.\nBaşvuru kararında, 5449 sayılı Kalkınma Ajanslarının Kuruluşu, Koordinasyonu ve Görevleri Hakkında Kanun'un Anayasa'ya aykırılığı ileri sürülen itiraz konusu kurallarından hangilerinin bakılmakta olan davada uygulanacağının davayı açanın menfaat ilişkisi de değerlendirilerek somut olarak gösterilmediği ve bunlara ilişkin Anayasa'ya aykırılık gerekçesinin de belirtilmediği saptanmıştır.\nDavada uygulanacak kuralın belirlenmesi ve gerekçe eksikliğinin giderilmesi için İŞİN GERİ ÇEVRİLMESİNE, 27.2.2007 gününde OYBİRLİĞİYLE karar verildi.\n\nBaşkan\nTülay   TUĞCU\nBaşkanvekili\nHaşim   KILIÇ\nÜye\nSacit   ADALI\n\n\n\nÜye\nFulya   KANTARCIOĞLU\nÜye\nAhmet   AKYALÇIN\nÜye\nMehmet   ERTEN\n\n\n\nÜye\nMustafa   YILDIRIM\nÜye\nA.   Necmi ÖZLER\nÜye\nŞevket   APALAK\n\n\n\nÜye\nSerruh   KALELİ\nÜye\nOsman   Alifeyyaz PAKSÜT\n",
  "address": "https://normkararlarbilgibankasi.anayasa.gov.tr/ND/2007/20",
  "pno": 1856,
  "id": "2007-20__NxrvE",
  "Dönemi": "1982",
  "Karar No": "2007/20",
  "Esas No": "2007/19",
  "İlk İnceleme Tarihi": "27/02/2007",
  "Karar Tarihi": "27/02/2007",
  "Künye": "(AYM, E.2007/19, K.2007/20, 27/02/2007, § …) Kopyala",
  "Dosya Sonucu (Karar Türü)": "İlk - Ret vd.",
  "Başvuru Türü": "İtiraz",
  "Başvuran (Genel) - Başvuran (Özel)": "Danıştay - Onuncu Daire",
  "Üyeler": "Haşim KILIÇ Sacit ADALI Fulya KANTARCIOĞLU Ahmet AKYALÇIN Mehmet ERTEN Mustafa YILDIRIM Abdullah Necmi ÖZLER Serdar ÖZGÜLDÜR Şevket APALAK Serruh KALELİ Osman Alifeyyaz PAKSÜT",
  "duration_for_scraping(sec.)": 3.897,
  "scrape_time": "2023-08-09 15:20:27"
}