{
  "text": "ANAYASA MAHKEMESİ KARARI\n\n\nEsas Sayısı : 2011/93\nKarar Sayısı : 2011/127\nKarar Günü : 22.9.2011\nR.G. Tarih-Sayı : Tebliğ edildi.\n\nİTİRAZ YOLUNA BAŞVURAN :Nazilli AğırCeza Mahkemesi\nİTİRAZIN KONUSU :31.3.2011 günlü, 6217 sayılı Yargı Hizmetlerinin Hızlandırılması Amacıyla Bazı Kanunlarda Değişiklik Yapılmasına Dair Kanun'un 13. maddesiyle, 2.7.1964 günlü, 492 sayılı Harçlar Kanunu'nun değiştirilen 'IV. Temyiz, istinaf ve itiraz harçları' kısmının 'Yargıtay ceza dairelerine yapılacak temyiz başvurularında 40 TL' biçimindeki (b) fıkrasının, Anayasa'nın 36. maddelerine aykırılığı savıyla iptali istemidir.\nI- OLAY\nNitelikli yağma ve kişiyi hürriyetinden yoksun kılma suçlarından açılan kamu davasının yargılaması neticesinde verilen karar, sanık müdafii tarafından hem temyiz edilmiş hem de kuralın Anayasa'ya aykırı olduğu ileri sürülmüş, iddiayı ciddi bulan Mahkeme, kuralın iptali için başvurmuştur.\nII- İTİRAZ KONUSU YASA KURALI\n1-İtiraz konusu kuralın da yer aldığı492 sayılı Harçlar Kanunu'nun 'IV. Temyiz, istinaf ve itiraz harçları' kısmı şöyledir:\n'IV. Temyiz, istinaf ve itiraz harçları:\na) Yargıtay hukuk dairelerine yapılacak temyiz başvurularında 90 TL\nb) Yargıtay ceza dairelerine yapılacak temyiz başvurularında 40 TL\nc) Danıştaya yapılacak temyiz başvurularında 90 TL\nd) Yürütmenin durdurulmasına ilişkin itirazlar dahil olmak üzere bölge idare mahkemelerine itirazen yapılacak başvurularda 50 TL\ne) Bölge adliye mahkemeleri hukuk dairelerine yapılacak istinaf yolu başvurularında 50 TL\nf) Bölge adliye mahkemeleri ceza dairelerine yapılacak istinaf yolu başvurularında 20 TL\ng) İdarî yaptırımlar konusunda sulh ceza mahkemelerince verilen son karara karşı itirazen yapılacak başvurularda 20 TL\nh) İcra mahkemelerinin kararlarına karşı itirazen yapılacak başvurularda 20 TL'.\nIII- İLK İNCELEME\n6216 sayılı Anayasa Mahkemesinin Kuruluşu ve Yargılama Usulleri Hakkında Kanun'un 'Başvuruya engel durumlar' başlığını taşıyan 41. maddesinin (2) numaralı fıkrasında: 'İtiraz yoluna başvuran mahkemede itiraz konusu kuralın uygulanacağı başka dava dosyalarının bulunması hâlinde, yapılmış olan itiraz başvurusu bu dosyalar için de bekletici mesele sayılır' denilmiştir.\nİtiraz yoluna başvuran aynı mahkeme tarafından,itiraz konusu kuralların uygulanacağı başka dava dosyası kapsamında yapılmış olanitiraz başvurusunun(2011/91 Esas sayılı), bakılmakta olan dava dosyası için de bekletici mesele sayılması gerekirken, tekrar başvuruda bulunulduğu saptanmıştır.\nAçıklanan nedenlerle itiraz başvurusunun, 6216 sayılı Kanun'un 41. maddesinin (2) numaralı fıkrası gereğince reddi gerekir.\nIV- SONUÇ\n31.3.2011 günlü, 6217 sayılı Yargı Hizmetlerinin Hızlandırılması Amacıyla Bazı Kanunlarda Değişiklik Yapılmasına Dair Kanun'un 13. maddesiyle, 2.7.1964 günlü, 492 sayılı Harçlar Kanunu'nun değiştirilen 'IV. Temyiz, istinaf ve itiraz harçları' kısmının 'Yargıtay ceza dairelerine yapılacak temyiz başvurularında 40 TL' biçimindeki (b) fıkrasının iptaline karar verilmesi istemiyle yapılan itiraz başvurusunun, 6216 sayılı Anayasa Mahkemesinin Kuruluşu ve Yargılama Usulleri Hakkında Kanun'un 41. maddesinin (2) numaralı fıkrası gereğince REDDİNE, 22.9.2011 gününde OYBİRLİĞİYLE karar verildi.\nBaşkan\nHaşim   KILIÇ\nBaşkanvekili\nOsman   Alifeyyaz PAKSÜT\nÜye\nFulya   KANTARCIOĞLU\n\nÜye\nAhmet   AKYALÇIN\nÜye\nFettah   OTO\nÜye\nSerdar   ÖZGÜLDÜR\n\nÜye\nRecep   KÖMÜRCÜ\nÜye\nAlparslan   ALTAN\nÜye\nEngin   YILDIRIM\n\nÜye\nNuri   NECİPOĞLU\nÜye\nHicabi   DURSUN\n\nÜye\nCelal   Mümtaz AKINCI\nÜye\nErdal   TERCAN\n",
  "address": "https://normkararlarbilgibankasi.anayasa.gov.tr/ND/2011/127",
  "pno": 1378,
  "id": "2011-127__ieQ",
  "Dönemi": "1982",
  "Karar No": "2011/127",
  "Esas No": "2011/93",
  "İlk İnceleme Tarihi": "22/09/2011",
  "Karar Tarihi": "22/09/2011",
  "Künye": "(AYM, E.2011/93, K.2011/127, 22/09/2011, § …) Kopyala",
  "Dosya Sonucu (Karar Türü)": "İlk - Ret vd.",
  "Başvuru Türü": "İtiraz",
  "Başvuran (Genel) - Başvuran (Özel)": "Ağır Ceza Mahkemesi - Nazilli",
  "Üyeler": "Haşim KILIÇ Osman Alifeyyaz PAKSÜT Fulya KANTARCIOĞLU Ahmet AKYALÇIN Fettah OTO Serdar ÖZGÜLDÜR Recep KÖMÜRCÜ Alparslan ALTAN Engin YILDIRIM Nuri NECİPOĞLU Hicabi DURSUN Celal Mümtaz AKINCI Erdal TERCAN",
  "duration_for_scraping(sec.)": 3.328,
  "scrape_time": "2023-08-09 14:50:13"
}