{
  "text": "ANAYASA MAHKEMESİ KARARI\n\n\nEsas Sayısı : 2011/52\nKarar Sayısı : 2011/84\nKarar Günü : 2.6.2011\nR.G. Tarih-Sayı : Tebliğ edildi.\n\nİTİRAZ YOLUNA BAŞVURAN: Bakırköy 31. Asliye Ceza Mahkemesi\nİTİRAZIN KONUSU: 26.9.2004 günlü, 5237 sayılı Türk Ceza Kanunu'nun 104. maddesinin (1) numaralı fıkrasında yer alan ''şikayet üzerine'' ibaresinin Anayasa'nın 10., 41. ve 62. maddelerine aykırılığı iddiasıyla iptali istemidir.\nI- OLAY\nOnbeş yaşını bitirmiş olan çocukla cinsel ilişkide bulunma ve kişiyi hürriyetinden yoksun bırakma suçlarından sanık hakkında açılan kamu davasında, itiraz konusu ibarenin Anayasa'ya aykırı olduğu kanısına varan Mahkeme iptali için başvurmuştur.\nII- İTİRAZ KONUSU KURAL\n5237 sayılı Türk Ceza Kanunu'nun 104. maddesinin itiraz konusu ibareyi de içeren (1) numaralı fıkrası şöyledir:\n'(1) Cebir, tehdit ve hile olmaksızın, onbeş yaşını bitirmiş olan çocukla cinsel ilişkide bulunan kişi, şikayet üzerine, altı aydan iki yıla kadar hapis cezası ile cezalandırılır.'\nIII- İLK İNCELEME\nAnayasa Mahkemesi İçtüzüğü'nün 8. maddesi uyarınca yapılan ilk inceleme toplantısında, başvuru kararı ve ekleri, ilk inceleme raporu, itiraz konusu yasa kuralı ve ilgili Anayasa kuralları ile bunların gerekçeleri ve diğer yasama belgeleri incelendikten sonra gereği görüşülüp düşünüldü:\nİtiraza konu ibarenin içinde yer aldığı 5237 sayılı Türk Ceza Kanunu'nun 104. maddesinin (1) numaralı fıkrasının iptali istemi daha önce yapılan bir başvuruya konu edilmiş ve Anayasa Mahkemesi 26.2.2009 günlü, E.2006/17, K.2009/33 sayılı kararla fıkranın Anayasa'ya aykırı olmadığına karar vermiştir. İşin esasına girilerek verilmiş olan bu karar 2.6.2009 günlü 27246 sayılı Resmi Gazete'de yayımlanmıştır.\nAnayasa'nın 152. ve 6216 sayılı Anayasa Mahkemesinin Kuruluşu ve Yargılama Usulleri Hakkında Kanun'un 41. maddesinin (1) numaralı fıkrasına göre, Anayasa Mahkemesi'nin işin esasına girerek verdiği red kararının Resmi Gazete'de yayımlanmasından sonra on yıl geçmedikçe aynı yasa hükmünün Anayasa'ya aykırılığı iddiasıyla tekrar başvuruda bulunulamaz. Bu nedenle başvurunun Anayasa'nın 152. ve 6216 sayılı Yasa'nın 41. maddesi uyarınca reddi gerekir.\nIV- SONUÇ\n26.9.2004 günlü, 5237 sayılı Türk Ceza Kanunu'nun 104. maddesinin (1) numaralı fıkrasında yer alan '' şikayet üzerine '' ibaresinin iptali istemine ilişkin itiraz başvurusunun, Anayasa'nın 152. maddesinin son fıkrası ve 6216 sayılı Anayasa Mahkemesinin Kuruluşu ve Yargılama Usulleri Hakkında Kanun'un 41. maddesinin (1) numaralı fıkrası gereğince REDDİNE, 2.6.2011 gününde OYBİRLİĞİYLE karar verildi.\nBaşkan\nHaşim   KILIÇ\nBaşkanvekili\nOsman   Alifeyyaz PAKSÜT\nBaşkanvekili\nSerruh   KALELİ\n\nÜye\nFulya   KANTARCIOĞLU\nÜye\nAhmet   AKYALÇIN\nÜye\nFettah   OTO\n\nÜye\nSerdar   ÖZGÜLDÜR\nÜye\nZehra   Ayla PERKTAŞ\nÜye\nRecep   KÖMÜRCÜ\n\nÜye\nAlparslan   ALTAN\nÜye\nBurhan   ÜSTÜN\nÜye\nEngin   YILDIRIM\n\nÜye\nNuri   NECİPOĞLU\nÜye\nHicabi   DURSUN\n\nÜye\nCelal   Mümtaz AKINCI\nÜye\nErdal   TERCAN\n",
  "address": "https://normkararlarbilgibankasi.anayasa.gov.tr/ND/2011/84",
  "pno": 1308,
  "id": "2011-84__HnJcq",
  "Dönemi": "1982",
  "Karar No": "2011/84",
  "Esas No": "2011/52",
  "İlk İnceleme Tarihi": "02/06/2011",
  "Karar Tarihi": "02/06/2011",
  "Künye": "(AYM, E.2011/52, K.2011/84, 02/06/2011, § …) Kopyala",
  "Dosya Sonucu (Karar Türü)": "İlk - Ret vd.",
  "Başvuru Türü": "İtiraz",
  "Başvuran (Genel) - Başvuran (Özel)": "Asliye Ceza Mahkemesi - Bakırköy 31",
  "Üyeler": "Haşim KILIÇ Serruh KALELİ Alparslan ALTAN Fulya KANTARCIOĞLU Mehmet ERTEN Serdar ÖZGÜLDÜR Osman Alifeyyaz PAKSÜT Zehra Ayla PERKTAŞ Recep KÖMÜRCÜ Burhan ÜSTÜN Engin YILDIRIM Nuri NECİPOĞLU Hicabi DURSUN Celal Mümtaz AKINCI Erdal TERCAN",
  "Raportör": "Mustafa BAYSAL",
  "duration_for_scraping(sec.)": 3.124,
  "scrape_time": "2023-08-09 14:45:30"
}