{
  "text": "ANAYASA MAHKEMESİ KARARI\n\n\nEsas Sayısı : 2011/76\nKarar Sayısı : 2011/120\nKarar Günü : 20.7.2011\nR.G. Tarih-Sayı : Tebliğ edildi.\n\nİTİRAZ YOLUNA BAŞVURAN: Akçaabat 2. Asliye Hukuk Mahkemesi\nİTİRAZIN KONUSU: 22.11.2001 günlü, 4721 sayılı Türk Medenî Kanunu'nun 303. maddesinin Anayasa'nın 36. maddesine aykırılığı savıyla iptali istemidir.\nI- OLAY\nDavacı tarafından açılan babalık davasında itiraz konusu kuralın Anayasa'ya aykırı olduğu kanısına varan Mahkeme, iptali için başvurmuştur.\nII- İTİRAZ KONUSU YASA KURALI\n22.11.2001 günlü, 4721 sayılı Türk Medenî Kanunu'nun iptali istenen 303. maddesi şöyledir:\n'III. Hak düşürücü süreler\nMADDE 303.- Babalık davası, çocuğun doğumundan önce veya sonra açılabilir. Ananın dava hakkı, doğumdan başlayarak bir yıl geçmekle düşer.\nÇocuğa doğumdan sonra kayyım atanmışsa, çocuk hakkında bir yıllık süre, atamanın kayyıma tebliği tarihinde; hiç kayyım atanmamışsa çocuğun ergin olduğu tarihte işlemeye başlar.\nÇocuk ile başka bir erkek arasında soybağı ilişkisi varsa, bir yıllık süre bu ilişkinin ortadan kalktığı tarihte işlemeye başlar.\nBir yıllık süre geçtikten sonra gecikmeyi haklı kılan sebepler varsa, sebebin ortadan kalkmasından başlayarak bir ay içinde dava açılabilir.'\nIII- İLK İNCELEME\n6216 sayılı Anayasa Mahkemesinin Kuruluşu ve Yargılama Usulleri Hakkında Kanun'un 40. maddesinin (1) numaralı fıkrasında, 'Bir davaya bakmakta olan mahkeme, bu davada uygulanacak bir kanun veya kanun hükmünde kararnamenin hükümlerini Anayasaya aykırı görürse veya taraflardan birinin ileri sürdüğü aykırılık iddiasının ciddi olduğu kanısına varırsa;\na) İptali istenen kuralların Anayasanın hangi maddelerine aykırı olduklarını açıklayan gerekçeli başvuru kararının aslını,\nb) Başvuru kararına ilişkin tutanağın onaylı örneğini,\nc) Dava dilekçesi, iddianame veya davayı açan belgeler ile dosyanın ilgili bölümlerinin onaylı örneklerini,\ndizi listesine bağlayarak Anayasa Mahkemesine gönderir.' hükmüne yer verilmiştir.\nAynı maddenin (4) numaralı fıkrasının ikinci tümcesinde de, 'Açık bir şekilde dayanaktan yoksun veya yöntemine uygun olmayan itiraz başvuruları, Mahkeme tarafından esas incelemeye geçilmeksizin gerekçeleriyle reddedilir' denilmiştir.\nİtiraz yoluna başvuran Mahkemenin; itiraz konusu kuralın Anayasa'nın 36. maddesine hangi gerekçelerle aykırı olduğunu başvuru kararında açıkça ortaya koymadığı, ayrıca itiraz başvurusuna ilişkin belgelerin dizi listesine de bağlanmadığı saptanmıştır.\nAçıklanan nedenlerle yöntemine uygun olmayan itiraz başvurusunun, 6216 sayılı Yasa'nın 40. maddesinin (4) numaralı fıkrasının ikinci cümlesine göre esas incelemeye geçilmeksizin reddi gerekir.\nIV- SONUÇ\n22.11.2001 günlü, 4721 sayılı Türk Medenî Kanunu'nun 303. maddesinin iptali istemine ilişkin itiraz başvurusunun, 6216 sayılı Anayasa Mahkemesinin Kuruluşu ve Yargılama Usulleri Hakkında Kanun'un 40. maddesinin (4) numaralı fıkrasının ikinci cümlesi gereğince, yöntemine uygun olmadığından, esas incelemeye geçilmeksizin REDDİNE, 20.7.2011 gününde OYBİRLİĞİYLE karar verildi.\n\nBaşkan\nHaşim   KILIÇ\nBaşkanvekili\nOsman   Alifeyyaz PAKSÜT\nBaşkanvekili\nSerruh   KALELİ\n\nÜye\nFulya   KANTARCIOĞLU\nÜye\nAhmet   AKYALÇIN\nÜye\nMehmet   ERTEN\n\nÜye\nFettah   OTO\nÜye\nSerdar   ÖZGÜLDÜR\nÜye\nZehra   Ayla PERKTAŞ\n\nÜye\nRecep   KÖMÜRCÜ\nÜye\nAlparslan   ALTAN\nÜye\nBurhan   ÜSTÜN\n\nÜye\nEngin   YILDIRIM\nÜye\nNuri   NECİPOĞLU\nÜye\nHicabi   DURSUN\n\nÜye\nCelal   Mümtaz AKINCI\nÜye\nErdal   TERCAN\n",
  "address": "https://normkararlarbilgibankasi.anayasa.gov.tr/ND/2011/120",
  "pno": 1323,
  "id": "2011-120__OWG",
  "Dönemi": "1982",
  "Karar No": "2011/120",
  "Esas No": "2011/76",
  "İlk İnceleme Tarihi": "20/07/2011",
  "Karar Tarihi": "20/07/2011",
  "Künye": "(AYM, E.2011/76, K.2011/120, 20/07/2011, § …) Kopyala",
  "Dosya Sonucu (Karar Türü)": "İlk - Ret vd.",
  "Başvuru Türü": "İtiraz",
  "Başvuran (Genel) - Başvuran (Özel)": "Asliye Hukuk Mahkemesi - Akçaabat 2",
  "Üyeler": "Haşim KILIÇ Serruh KALELİ Alparslan ALTAN Fulya KANTARCIOĞLU Mehmet ERTEN Serdar ÖZGÜLDÜR Osman Alifeyyaz PAKSÜT Zehra Ayla PERKTAŞ Recep KÖMÜRCÜ Burhan ÜSTÜN Engin YILDIRIM Nuri NECİPOĞLU Hicabi DURSUN Celal Mümtaz AKINCI Erdal TERCAN",
  "duration_for_scraping(sec.)": 3.421,
  "scrape_time": "2023-08-09 14:46:33"
}