{
  "text": "ANAYASA MAHKEMESİ KARARI\n\nEsas Sayısı : 2012/136\nKarar Sayısı : 2012/181\nKarar Günü : 22.11.2012\nR.G. Tarih-Sayı : Tebliğ edildi.\n\nİTİRAZ YOLUNA BAŞVURAN :Bakırköy31. Asliye Ceza Mahkemesi\nİTİRAZIN KONUSU :4.1.1961 günlü, 213 sayılı Vergi Usul Kanunu'nun 367. maddesinin son fıkrasının, Anayasa'nın 125. ve 138. maddelerine aykırı olduğu ileri sürülerek iptaline karar verilmesi istemidir.\nI- OLAY\n213 sayılı Vergi Usul Kanunu'na muhalefet etmek suretiyle vergi kaçakçılığı suçunu işledikleri iddiasıyla sanıklar hakkında açılan kamu davasında, itiraz konusu kuralın Anayasa'ya aykırı olduğu kanısına varan Mahkeme, iptali için başvurmuştur.\nII- YASA METİNLERİ\nA- İtiraz Konusu Yasa Kuralı\n4.1.1961 günlü, 213 sayılı Vergi UsulKanunu'nun itiraz konusu kuralı da içeren \"Bazı Kaçakçılık Suçlarının Cezalandırılmasında Usul\"başlıklı367. maddesi şöyledir:\n'Madde 367-(Değişik madde: 30/12/1980 - 2365/86 md.;Değişik madde: 23/01/2008-5728 S.K./280.mad)\n(Değişik birinci fıkra: 23/7/2010-6009/13 md.) Yaptıkları inceleme sırasında 359 uncu maddede yazılı suçların işlendiğini tespit eden Vergi Müfettişleri ve Vergi Müfettiş Yardımcıları tarafından ilgili rapor değerlendirme komisyonunun mütalaasıyla doğrudan doğruya ve vergi incelemesine yetkili olan diğer memurlar tarafından ilgili rapor değerlendirme komisyonunun mütalaasıyla vergi dairesi başkanlığı veya defterdarlık tarafından keyfiyetin Cumhuriyet başsavcılığına bildirilmesi mecburidir.\n359 uncu maddede yazılı suçların işlendiğine sair suretlerle ıttıla hasıl eden Cumhuriyet başsavcılığı hemen ilgili vergi dairesini haberdar ederek inceleme yapılmasını talep eder.\nKamu davasının açılması, inceleme neticesinin Cumhuriyet başsavcılığına bildirilmesine talik olunur.\n359 uncu maddede yazılı suçlardan dolayı cezaya hükmedilmesi, vergi ziyaı cezası veya usulsüzlük cezalarının ayrıca uygulanmasına engel teşkil etmez.\nCeza mahkemesi kararları, bu Kanunun dördüncü kitabının ikinci kısmında yazılı vergi cezalarını uygulayacak makam ve mercilerin işlem ve kararlarına etkili olmadığı gibi, bu makam ve mercilerce verilecek kararlar da ceza hâkimini bağlamaz.'\nB- Dayanılan Anayasa Kuralları\nBaşvuru kararında, Anayasa'nın 125. ve 138. maddelerine dayanılmıştır.\nIII- İLK İNCELEME\nAnayasa Mahkemesi İçtüzüğü hükümleri uyarınca yapılan ilk inceleme toplantısında, başvuru kararı ve ekleri, Raportör Ömer DURAN tarafından hazırlanan ilk inceleme raporu, itiraz konusu Yasa kuralı, dayanılan Anayasa kuralları ve bunların gerekçeleri ile diğer yasama belgeleri okunup incelendikten sonra gereği görüşülüp düşünüldü:\nAnayasa'nın 152. ve 6216 sayılı Anayasa Mahkemesinin Kuruluşu ve Yargılama Usulleri Hakkında Kanun'un 40. maddesine göre, bir davaya bakmakta olan mahkeme, bu davada uygulanacak bir kanunun veya kanun hükmünde kararnamenin hükümlerini Anayasa'ya aykırı görürse veya taraflardan birinin ileri sürdüğü aykırılık iddiasının ciddi olduğu kanısına varırsa bu hükmün iptali için Anayasa Mahkemesine başvurmaya yetkilidir. Ancak, bu kurallar uyarınca bir mahkemenin Anayasa Mahkemesine başvurabilmesi için, elinde usulüne uygun olarak açılmış ve mahkemenin görev alanına giren bir davanın bulunmasının yanında iptali istenen kuralın da o davada uygulanacak olması gerekir. Uygulanacak yasa kuralları, davanın değişik evrelerinde, ortaya çıkan sorunların çözümünde veya davayı sonuçlandırmada olumlu ya da olumsuz yönde etki yapacak nitelikteki kurallardır.\nİtiraz konusu kuralda, ceza mahkemesi kararlarının, 213 sayılı Kanun'un dördüncü kitabının ikinci kısmında yazılı vergi cezalarını uygulayacak makam ve mercilerin işlem ve kararlarına etkili olmadığı gibi bu makam ve mercilerce verilecek kararların da ceza hâkimini bağlamayacağı belirtilmiştir.\nİtiraz konusu kuralda yer alan, 'bu kanunun dördüncü kitabının ikinci kısmında yazılı olan vergi cezalarını uygulayacak makam ve merciler' ibaresiyle idari makam ve mercilerin kastedilmekte olduğu, vergi veya İdare mahkemesi da yargı yetkisini kullanan diğer bir mahkemenin kastedilmediği açıktır. Dolayısıyla, itiraz yoluna başvuran Mahkemenin, itiraz konusu kuralı uygulayarak vergi mahkemesi kararlarını dikkate alamaması söz konusu değildir.\nAçıklanan nedenlerle başvurunun, Mahkemenin yetkisizliği nedeniyle reddi gerekir.\nIV- SONUÇ\n4.1.1961 günlü, 213 sayılı Vergi Usul Kanunu'nun 367. maddesinin son fıkrasının, itiraz başvurusunda bulunan Mahkeme'nin bakmakta olduğu davada uygulanma olanağı bulunmadığından, bu fıkraya ilişkin başvurunun Mahkeme'nin yetkisizliği nedeniyle REDDİNE, 22.11.2012 gününde OYBİRLİĞİYLEkarar verildi.\n\n\nBaşkan\nHaşim KILIÇ\nBaşkanvekili\nSerruh KALELİ\nBaşkanvekili\nAlparslan   ALTAN\n\n\n\nÜye\nFulya   KANTARCIOĞLU\nÜye\nMehmet ERTEN\nÜye\nSerdar   ÖZGÜLDÜR\n\n\n\nÜye\nOsman   Alifeyyaz PAKSÜT\nÜye\nZehra Ayla   PERKTAŞ\nÜye\nRecep KÖMÜRCÜ\n\n\n\nÜye\nBurhan ÜSTÜN\nÜye\nEngin YILDIRIM\nÜye\nNuri NECİPOĞLU\n\n\n\nÜye\nHicabi DURSUN\nÜye\nCelal Mümtaz   AKINCI\nÜye\nErdal TERCAN\n\n\n\nÜye\nMuammer TOPAL\nÜye\nZühtü ARSLAN\n\n",
  "address": "https://normkararlarbilgibankasi.anayasa.gov.tr/ND/2012/181",
  "pno": 1183,
  "id": "2012-181__wpF",
  "Dönemi": "1982",
  "Karar No": "2012/181",
  "Esas No": "2012/136",
  "İlk İnceleme Tarihi": "22/11/2012",
  "Karar Tarihi": "22/11/2012",
  "Künye": "(AYM, E.2012/136, K.2012/181, 22/11/2012, § …) Kopyala",
  "Dosya Sonucu (Karar Türü)": "İlk - Ret vd.",
  "Başvuru Türü": "İtiraz",
  "Başvuran (Genel) - Başvuran (Özel)": "Asliye Ceza Mahkemesi - Bakırköy 31",
  "Üyeler": "Haşim KILIÇ Serruh KALELİ Alparslan ALTAN Mehmet ERTEN Serdar ÖZGÜLDÜR Osman Alifeyyaz PAKSÜT Zehra Ayla PERKTAŞ Recep KÖMÜRCÜ Burhan ÜSTÜN Engin YILDIRIM Nuri NECİPOĞLU Hicabi DURSUN Celal Mümtaz AKINCI Erdal TERCAN Muammer TOPAL Zühtü ARSLAN",
  "Raportör": "Ömer DURAN",
  "duration_for_scraping(sec.)": 2.628,
  "scrape_time": "2023-08-09 14:35:16"
}