{
  "text": "ANAYASA MAHKEMESİ KARARI\n\n\nEsas Sayısı : 2012/38\nKarar Sayısı : 2012/58\nKarar Günü : 18.4.2012\nR.G. Tarih-Sayı : Tebliğ edildi.\n\nİTİRAZ YOLUNA BAŞVURAN : Yargıtay 4. Hukuk Dairesi\nİTİRAZIN KONUSU : 6.1.1982 günlü, 2577 sayılı İdari Yargılama Usulü Kanunu'nun 28. maddesinin (4) numaralı fıkrasında yer alan '...kararı yerine getirmeyen kamu görevlisi aleyhine de tazminat davası açılabilir.' ibaresinin, Anayasa'nın 129/5. maddesine aykırılığı savıyla iptali istemidir.\nI- OLAY\nDavacı tarafından açılan manevi tazminat davasının kısmen kabulüne ilişkin kararın, davacı ve davalı tarafından temyizi üzerine itiraz konusu ibarenin Anayasa'ya aykırı olduğu kanısına varan Yargıtay 4. Hukuk Dairesi iptali için başvurmuştur.\nII- İTİRAZ KONUSU YASA KURALI\n6.1.1982 günlü, 2577 sayılı İdari Yargılama Usulü Kanunu'nun itiraz konusu ibareyi de içeren 28. maddesi şöyledir:\n'Kararların sonuçları:\nMadde 28- 1. (Değişik:10/6/1994-4001/13 md.) Danıştay, bölge idare mahkemeleri, idare ve vergi mahkemelerinin esasa ve yürütmenin durdurulmasına ilişkin kararlarının icaplarına göre idare, gecikmeksizin işlem tesis etmeye veya eylemde bulunmaya mecburdur. Bu süre hiçbir şekilde kararın idareye tebliğinden başlayarak otuz günü geçemez. Ancak, haciz veya ihtiyati haciz uygulamaları ile ilgili davalarda verilen kararlar hakkında, bu kararların kesinleşmesinden sonra idarece işlem tesis edilir.\n2. (Değişik:10/6/1994-4001/13 md.) Tam yargı davaları hakkındaki kararlardan belli bir miktarı içerenler genel hükümler dairesinde infaz ve icra olunur.\n3. Danıştay, bölge idare mahkemeleri, idare ve vergi mahkemeleri kararlarına göre işlem tesis edilmeyen veya eylemde bulunulmayan hallerde idare aleyhine Danıştay ve ilgili idari mahkemede maddi ve manevi tazminat davası açılabilir.\n4. Mahkeme kararlarının otuz gün içinde kamu görevlilerince kasten yerine getirilmemesi halinde ilgili, idare aleyhine dava açabileceği gibi, kararı yerine getirmeyen kamu görevlisi aleyhine de tazminat davası açılabilir.\n5. Vergi uyuşmazlıklarına ilişkin mahkeme kararlarının idareye tebliğinden sonra bu kararlara göre tespit edilecek vergi, resim, harçlar ve benzeri mali yükümler ile zam ve cezaların miktarı ilgili idarece mükellefe bildirilir.\n6. Tazminat ve vergi davalarında kararın idareye tebliğinden itibaren infazın gecikmesi sebebiyle idarece kanuni gecikme faizi ödenir.'\nIII- İLK İNCELEME\n6216 sayılı Anayasa Mahkemesinin Kuruluşu ve Yargılama Usulleri Hakkında Kanun'un 'Başvuruya engel durumlar' başlığını taşıyan 41. maddesinin (2) numaralı fıkrasında; 'İtiraz yoluna başvuran mahkemede itiraz konusu kuralın uygulanacağı başka dava dosyalarının bulunması hâlinde, yapılmış olan itiraz başvurusu bu dosyalar için de bekletici mesele sayılır.' denilmiştir.\nİtiraz yoluna başvuran aynı mahkeme tarafından, itiraz konusu ibarenin uygulanacağı başka dava dosyası kapsamında yapılmış olan itiraz başvurusunun (2012/22 Esas sayılı), bakılmakta olan dava dosyası için de bekletici mesele sayılması gerekirken, tekrar başvuruda bulunulduğu saptanmıştır.\nAçıklanan nedenlerle, 6216 sayılı Kanun'un 41. maddesinin (2) numaralı fıkrasına aykırı olduğu anlaşılan itiraz başvurusunun, Kanun'un 40. maddesinin (4) numaralı fıkrası gereğince yöntemine uygun olmadığından, esas incelemeye geçilmeksizin reddi gerekir.\nIV- SONUÇ\n6.1.1982 günlü, 2577 sayılı İdari Yargılama Usulü Kanunu'nun 28. maddesinin (4) numaralı fıkrasında yer alan '' kararı yerine getirmeyen kamu görevlisi aleyhine de tazminat davası açılabilir.' ibaresinin iptaline karar verilmesi istemiyle yapılan itiraz başvurusunun, 6216 sayılı Anayasa Mahkemesinin Kuruluşu Ve Yargılama Usulleri Hakkında Kanun'un 41. maddesinin (2) numaralı fıkrasına aykırılığı karşısında, Kanun'un 40. maddesinin (4) numaralı fıkrası gereğince yöntemine uygun olmadığından REDDİNE, 18.4.2012 gününde OYBİRLİĞİYLE karar verildi.\nBaşkanvekili\nSerruh   KALELİ\nBaşkanvekili\nAlparslan   ALTAN\nÜye\nFulya   KANTARCIOĞLU\n\nÜye\nMehmet   ERTEN\nÜye\nSerdar   ÖZGÜLDÜR\nÜye\nOsman   Alifeyyaz PAKSÜT\n\nÜye\nZehra   Ayla PERKTAŞ\nÜye\nRecep   KÖMÜRCÜ\nÜye\nBurhan   ÜSTÜN\n\nÜye\nEngin   YILDIRIM\nÜye\nNuri   NECİPOĞLU\nÜye\nHicabi   DURSUN\n\nÜye\nCelal   Mümtaz AKINCI\nÜye\nErdal   TERCAN\n",
  "address": "https://normkararlarbilgibankasi.anayasa.gov.tr/ND/2012/58",
  "pno": 1233,
  "id": "2012-58__ToR",
  "Dönemi": "1982",
  "Karar No": "2012/58",
  "Esas No": "2012/38",
  "İlk İnceleme Tarihi": "18/04/2012",
  "Karar Tarihi": "18/04/2012",
  "Künye": "(AYM, E.2012/38, K.2012/58, 18/04/2012, § …) Kopyala",
  "Dosya Sonucu (Karar Türü)": "İlk - Ret vd.",
  "Başvuru Türü": "İtiraz",
  "Başvuran (Genel) - Başvuran (Özel)": "Yargıtay - 4. Hukuk Dairesi",
  "Üyeler": "Haşim KILIÇ Serruh KALELİ Alparslan ALTAN Fulya KANTARCIOĞLU Mehmet ERTEN Serdar ÖZGÜLDÜR Osman Alifeyyaz PAKSÜT Zehra Ayla PERKTAŞ Recep KÖMÜRCÜ Burhan ÜSTÜN Engin YILDIRIM Nuri NECİPOĞLU Hicabi DURSUN Celal Mümtaz AKINCI Erdal TERCAN Muammer TOPAL Zühtü ARSLAN",
  "duration_for_scraping(sec.)": 2.974,
  "scrape_time": "2023-08-09 14:39:53"
}