{
  "text": "ANAYASA MAHKEMESİ KARARI\n\nEsas Sayısı  : 2013/141\nKarar Sayısı: 2013/149\nKarar Günü: 11.12.2013\nR.G. Tarih-Sayı: Tebliğ edildi\n\nİTİRAZ YOLUNA BAŞVURAN :İstanbul Anadolu 1. İnfaz Hâkimliği\nİTİRAZIN KONUSU :13.12.2004 günlü, 5275 sayılı Ceza ve Güvenlik Tedbirlerinin İnfazı Hakkında Kanun'un 44. maddesinin (1) numaralı fıkrasının Anayasa'nın 17. maddesine aykırılığı ileri sürülerek iptaline karar verilmesi istemidir.\nI- OLAY\nTutuklu hakkında\"Kapalı Cezaevi Kurumu Disiplin Kurulu Başkanlığı\"tarafından verilen disiplin cezasının onaylanması talebinin incelenmesi sırasında itiraz konusu kuralın Anayasa'ya aykırı olduğu kanısına varan Mahkeme, iptali için başvurmuştur.\nII- İTİRAZ KONUSU YASA KURALI\n5275 sayılı Kanun'un\"Hücreye koyma\"başlıklı 44. maddesinin (1) numaralı fıkrası şöyledir:\n\"Madde 44-(1) Hücreye koyma cezası, hükümlünün eylemlerinin nitelik ve ağırlığına göre bir günden yirmi güne kadar, açık havaya çıkma hakkı saklı kalmak üzere, geceli ve gündüzlü bir hücrede tek başına tutulması ve her türlü temastan yoksun bırakılmasıdır.\"\nIII- İLK İNCELEME\nAnayasa Mahkemesi İçtüzüğü hükümleri uyarınca yapılan ilk inceleme toplantısında, başvuru kararı ve ekleri, Raportör Mustafa ÇAL tarafından hazırlanan ilk inceleme raporu, itiraz konusu yasa kuralı ve dayanılan Anayasa kuralı ile bunların gerekçeleri ve diğer yasama belgeleri okunup incelendikten sonra gereği görüşülüp düşünüldü:\nİtiraz yoluna başvuran Mahkeme,5275 sayılı Kanun'un 44. maddesinin (1) numaralı fıkrasınıniptalini istemiştir.\n6216 sayılı Anayasa Mahkemesinin Kuruluşu ve Yargılama Usulleri Hakkında Kanun'un\"Başvuruya engel durumlar\"başlığını taşıyan 41. maddesinin (2) numaralı fıkrasında, \"İtiraz yoluna başvuran mahkemede itiraz konusu kuralın uygulanacağı başka dava dosyalarının bulunması hâlinde, yapılmış olan itiraz başvurusu bu dosyalar için de bekletici mesele sayılır.\" denilmiş;40. maddesinin (4) numaralı fıkrasında iseyöntemine uygun olmayan itiraz başvurularının Anayasa Mahkemesi tarafından esas incelemeye geçilmeksizin gerekçeleriyle birlikte reddedileceğihüküm altına alınmıştır.\nİtiraz yoluna başvuran aynı Mahkeme tarafından,itiraz konusu kuralın uygulanacağı başka dava dosyası kapsamında yapılmış olanitiraz başvurusunun(E.2013/137 sayılı), bakılmakta olan dava dosyası için de bekletici mesele sayılması gerekirken, tekrar başvuruda bulunulduğu anlaşılmıştır.\nAçıklanan nedenlerle, 6216 sayılı Kanun'un 41. maddesinin (2) numaralı fıkrasına aykırı olduğu anlaşılan itiraz başvurusunun, Kanun'un 40. maddesinin (4) numaralı fıkrası gereğince yöntemine uygun olmadığından, esas incelemeye geçilmeksizin reddi gerekir.\nIV- SONUÇ\n13.12.2004 günlü, 5275 sayılı Ceza ve Güvenlik Tedbirlerinin İnfazı Hakkında Kanun'un 44. maddesinin (1) numaralı fıkrasınıniptaline karar verilmesi istemiyle yapılan itiraz başvurusunun, 6216 sayılı Anayasa Mahkemesinin Kuruluşu ve Yargılama Usulleri Hakkında Kanun'un 40. maddesinin (4) ve 41. maddesinin (2) numaralı fıkraları gereğince yöntemine uygun olmadığından REDDİNE, 11.12.2013 gününde OYBİRLİĞİYLEkarar verildi.\n\nBaşkan\nHaşim KILIÇ\nBaşkanvekili\nSerruh KALELİ\nBaşkanvekili\nAlparslan   ALTAN\n\n\n\n\nÜye\nMehmet ERTEN\nÜye\nSerdar   ÖZGÜLDÜR\nÜye\nOsman   Alifeyyaz PAKSÜT\n\n\n\n\nÜye\nZehra Ayla   PERKTAŞ\nÜye\nRecep KÖMÜRCÜ\nÜye\nBurhan ÜSTÜN\n\n\n\n\nÜye\nEngin YILDIRIM\nÜye\nNuri NECİPOĞLU\nÜye\nHicabi DURSUN\n\n\n\n\nÜye\nCelal Mümtaz   AKINCI\nÜye\nErdal TERCAN\nÜye\nMuammer TOPAL\n\n\n\n\nÜye\nZühtü ARSLAN\nÜye\nM. Emin KUZ\n",
  "address": "https://normkararlarbilgibankasi.anayasa.gov.tr/ND/2013/149",
  "pno": 1083,
  "id": "2013-149__dnf",
  "Dönemi": "1982",
  "Karar No": "2013/149",
  "Esas No": "2013/141",
  "İlk İnceleme Tarihi": "11/12/2013",
  "Karar Tarihi": "11/12/2013",
  "Künye": "(AYM, E.2013/141, K.2013/149, 11/12/2013, § …) Kopyala",
  "Dosya Sonucu (Karar Türü)": "İlk - Ret vd.",
  "Başvuru Türü": "İtiraz",
  "Başvuran (Genel) - Başvuran (Özel)": "İnfaz Hakimliği - İstanbul Anadolu 1",
  "Üyeler": "Haşim KILIÇ Serruh KALELİ Alparslan ALTAN Mehmet ERTEN Serdar ÖZGÜLDÜR Osman Alifeyyaz PAKSÜT Zehra Ayla PERKTAŞ Recep KÖMÜRCÜ Burhan ÜSTÜN Engin YILDIRIM Nuri NECİPOĞLU Hicabi DURSUN Celal Mümtaz AKINCI Erdal TERCAN Muammer TOPAL Zühtü ARSLAN M. Emin KUZ",
  "Raportör": "Mustafa ÇAL",
  "duration_for_scraping(sec.)": 3.56,
  "scrape_time": "2023-08-09 14:28:24"
}