{
  "text": "ANAYASA MAHKEMESİ KARARI\n\nEsas Sayısı : 2014/13\nKarar Sayısı: 2014/26\nKarar Günü: 11.2.2014\nR.G. Tarih-Sayı: Tebliğ edildi\n\nİTİRAZ YOLUNA BAŞVURAN : Denizli 2. Ağır Ceza Mahkemesi\nİTİRAZIN KONUSU :13.12.2004 günlü, 5275 sayılı Ceza ve Güvenlik Tedbirlerinin İnfazı Hakkında Kanun'un 14. maddesinin (4) numaralı fıkrasında yer alan\".veya soruşturma konusu olan suçun kanunda öngörülen cezasının üst sınırı yedi yıldan az olmayan bir başka suçtan soruşturması veya böyle bir suçtan tutuksuz yargılaması devam etmekte olanlar.\"ibaresinin Anayasa'nın 10. ve 38. maddelerine aykırılığı ileri sürülerek iptaline karar verilmesi istemidir.\nI- OLAY\nHükümlünün, açığa ayrılma talebinin reddine ilişkin kararın iptali için başvurduğu Denizli İnfaz Hâkimliğinin itirazın reddine dair kararına yapmış olduğu itiraz üzerine açılan davada, itiraz konusu kuralın Anayasa'ya aykırı olduğu kanısına varan Mahkeme, iptali için başvurmuştur.\nII- İTİRAZ KONUSU YASA KURALI\n5275 sayılı Kanun'un 14. maddesinin itiraz konusu ibareyi de içeren (4) numaralı fıkrası şöyledir:\n\"Açık ceza infaz kurumunda bulunan hükümlülerden kınamadan başka bir disiplin cezası alanlar ve hükümlü oldukları suçtan başka bir fiilden dolayı haklarında tutuklama kararıveya soruşturma konusu olan suçun kanunda öngörülen cezasının üst sınırı yedi yıldan az olmayan bir başka suçtan soruşturması veya böyle bir suçtan tutuksuz yargılaması devam etmekte olanlarile yaş, sağlık durumu, bedensel veya zihinsel yetenekleri bakımından çalışma koşullarına uyum sağlayamayacakları saptananlar, kurum yönetim kurulunun kararı ile kapalı ceza infaz kurumlarına geri gönderilirler. Bu karar, infaz hâkiminin onayına sunulur.\"\nIII- İLK İNCELEME\nAnayasa Mahkemesi İçtüzüğü hükümleri uyarınca yapılan ilk inceleme toplantısında, başvuru kararı ve ekleri, Raportör Ayşegül ATALAY tarafından hazırlanan ilk inceleme raporu, itiraz konusu yasa kuralı, dayanılan Anayasa kuralları ile bunların gerekçeleri ve diğer yasama belgeleri okunup incelendikten sonra gereği görüşülüp düşünüldü:\nAnayasa'nın 152. ve 6216 sayılı Anayasa Mahkemesinin Kuruluşu ve Yargılama Usulleri Hakkında Kanun'un 40. maddesine göre,bir davaya bakmakta olan mahkeme, bu davada uygulanacak birkanun veya kanun hükmünde kararnamenin hükümlerini Anayasa'ya aykırı görürse veya taraflardan birinin ileri sürdüğü aykırılık iddiasının ciddi olduğu kanısına varırsa, o hükmün iptali için Anayasa Mahkemesine başvurmaya yetkilidir. Ancak, bu kurallar uyarınca bir mahkemenin Anayasa Mahkemesine başvurabilmesi için elinde yöntemince açılmış ve mahkemenin görevine giren bir davanın bulunması ve iptali istenen kuralın da o davada uygulanacak olması gerekmektedir. Uygulanacak yasa kuralları, davanın değişik evrelerinde ortaya çıkan sorunların çözümünde veya davayı sonuçlandırmada olumlu ya da olumsuz yönde etki yapacak nitelikte bulunan kurallardır.\nBaşvuru kararında, 5275 sayılı Kanun'un 14. maddesinin (4) numaralı fıkrasında yer alan\".veya soruşturma konusu olan suçun kanunda öngörülen cezasının üst sınırı yedi yıldan az olmayan bir başka suçtan soruşturması veya böyle bir suçtan tutuksuz yargılaması devam etmekte olanlar.\"ibaresinin iptali istenilmiştir. Kanun'un 14. maddesinin (4) numaralı fıkrasında, açık ceza infaz kurumunda bulunan hükümlüler hakkında, kuralda belirtilen koşulların gerçekleşmesi hâlinde\"kapalı ceza infaz kurumuna geri gönderilmelerine\"ilişkin hüküm düzenlenmektedir. Bu hükme göre, söz konusu kuralın uygulanabilmesi için öncelikle hükümlünün açık ceza infaz kurumunda bulunması gerekmektedir. Oysa, başvuran Mahkemenin bakmakta olduğu davada, hükümlü, kapalı ceza infaz kurumunda olup açık ceza infaz kurumuna ayrılmamıştır. Dolayısıyla, itiraz konusu ibare davada uygulanacak kural niteliğinde değildir.\nAçıklanan nedenlerle, itiraz konusu ibareye ilişkin başvurunun Mahkemenin yetkisizliği nedeniyle reddi gerekir.\nIV- SONUÇ\n13.12.2004 günlü, 5275 sayılı Ceza ve Güvenlik Tedbirlerinin İnfazı Hakkında Kanun'un 14. maddesinin (4) numaralı fıkrasında yer alan\".veya soruşturma konusu olan suçun kanunda öngörülen cezasının üst sınırı yedi yıldan az olmayan bir başka suçtan soruşturması veya böyle bir suçtan tutuksuz yargılaması devam etmekte olanlar.\"ibaresinin, itiraz başvurusunda bulunan Mahkemenin bakmakta olduğu davada uygulanma olanağı bulunmadığından, bu ibareye ilişkin başvurunun Mahkemenin yetkisizliği nedeniyle REDDİNE, 11.2.2014 gününde OYBİRLİĞİYLE karar verildi.\n\nBaşkan\nHaşim   KILIÇ\nBaşkanvekili\nSerruh   KALELİ\nBaşkanvekili\nAlparslan   ALTAN\n\n\n\n\nÜye\nSerdar   ÖZGÜLDÜR\nÜye\nOsman   Alifeyyaz PAKSÜT\nÜye\nZehra   Ayla PERKTAŞ\n\n\n\n\nÜye\nRecep   KÖMÜRCÜ\nÜye\nBurhan   ÜSTÜN\nÜye\nEngin   YILDIRIM\n\n\n\n\nÜye\nNuri   NECİPOĞLU\nÜye\nCelal   Mümtaz AKINCI\nÜye\nErdal   TERCAN\n\n\n\n\nÜye\nMuammer   TOPAL\nÜye\nZühtü   ARSLAN\nÜye\nM.   Emin KUZ\n",
  "address": "https://normkararlarbilgibankasi.anayasa.gov.tr/ND/2014/26",
  "pno": 1048,
  "id": "2014-26__lVw",
  "Dönemi": "1982",
  "Karar No": "2014/26",
  "Esas No": "2014/13",
  "İlk İnceleme Tarihi": "11/02/2014",
  "Karar Tarihi": "11/02/2014",
  "Künye": "(AYM, E.2014/13, K.2014/26, 11/02/2014, § …) Kopyala",
  "Dosya Sonucu (Karar Türü)": "İlk - Ret vd.",
  "Başvuru Türü": "İtiraz",
  "Başvuran (Genel) - Başvuran (Özel)": "Ağır Ceza Mahkemesi - Denizli 2",
  "Üyeler": "Haşim KILIÇ Serruh KALELİ Alparslan ALTAN Serdar ÖZGÜLDÜR Osman Alifeyyaz PAKSÜT Zehra Ayla PERKTAŞ Recep KÖMÜRCÜ Burhan ÜSTÜN Engin YILDIRIM Nuri NECİPOĞLU Celal Mümtaz AKINCI Erdal TERCAN Muammer TOPAL Zühtü ARSLAN M. Emin KUZ",
  "Raportör": "Ayşegül ATALAY",
  "duration_for_scraping(sec.)": 3.487,
  "scrape_time": "2023-08-09 14:26:05"
}