{
  "text": "GEREĞİ DÜŞÜNÜLDÜ :\n\nANAYASA MAHKEMESİ KARARI\n\n\nEsas Sayısı  : 2017/148\nKarar Sayısı  : 2017/127\nKarar Tarihi : 26.7.2017\nR.G. Tarih Sayısı: Tebliğ edildi\n\nİTİRAZ YOLUNA BAŞVURAN: Ezine Asliye Ceza Mahkemesi\nİTİRAZIN KONUSU: 21.7.1983 tarihli ve 2863 sayılı Kültür ve Tabiat Varlıklarını Koruma Kanunu’nun 8.10.2013 tarihli ve 6498 sayılı Kanun’un 3. maddesiyle değiştirilen 65. maddesinin birinci fıkrasının Anayasa’nın 35. maddesine aykırılığı ileri sürülerek iptaline karar verilmesi talebidir.\nOLAY: Kültür varlığı niteliğinde bulunan taşınmaza yapılan inşai ve fiziki müdahale dolayısıyla açılan davada itiraz konusu kuralın Anayasa’ya aykırı olduğu kanısına varan Mahkeme, iptali için başvurmuştur.\nI. İPTALİ İSTENEN KANUN HÜKMÜ\nKanun’un 6498 sayılı Kanun’un 3. maddesiyle değiştirilen 65. maddesinin itiraz konusu birinci fıkrası şöyledir:\n“Tescil edilen sit alanları ve korunması gerekli taşınmaz kültür ve tabiat varlıkları ile korunma alanlarının bu Kanuna göre tebliğ veya ilan edilmiş olmasına rağmen yıkılmasına, bozulmasına, tahribine, yok olmasına veya her ne suretle olursa olsun zarar görmesine kasten sebebiyet verenler ile (...) izin alınmaksızın inşaî ve fiziki müdahale yapanlar veya yaptıranlar, iki yıldan beş yıla kadar hapis ve beş bin güne kadar adli para cezasıyla cezalandırılır.”\nII. İLK İNCELEME\n1. Anayasa Mahkemesi İçtüzüğü hükümleri uyarınca yapılan ilk inceleme toplantısında başvuru kararı ve ekleri, Raportör Sadettin CEYHAN tarafından hazırlanan ilk inceleme raporu ve itiraz konusu kanun hükmü okunup incelendikten sonra gereği görüşülüp düşünüldü:\n2. 6216 sayılı Anayasa Mahkemesinin Kuruluşu ve Yargılama Usulleri Hakkında Kanun'un “Anayasaya aykırılığın mahkemelerce ileri sürülmesi” başlıklı 40. maddesinde Anayasa Mahkemesine itiraz yoluyla yapılacak başvurularda izlenecek yöntem belirtilmiştir. Maddenin (1) numaralı fıkrasında, bir davaya bakmakta olan mahkemenin bu davada uygulanacak bir kanun veya kanun hükmünde kararnamenin hükümlerini Anayasa'ya aykırı görmesi hâlinde veya taraflardan birinin ileri sürdüğü aykırılık iddiasının ciddi olduğu kanısına varması durumunda bu fıkrada sayılan belgeleri dizi listesine bağlayarak Anayasa Mahkemesine göndereceği kurala bağlanmış; aynı fıkranın (a) bendinde de “İptali istenen kuralların Anayasanın hangi maddelerine aykırı olduklarını açıklayan gerekçeli başvuru kararının aslı” Mahkemeye gönderilecek belgeler arasında sayılmıştır. Anılan maddenin (4) numaralı fıkrasında ise açık bir şekilde dayanaktan yoksun veya yöntemine uygun olmayan itiraz başvurularının Anayasa Mahkemesi tarafından esas incelemeye geçilmeksizin gerekçeleriyle reddedileceği hükme bağlanmıştır.\n3. Anayasa Mahkemesi İçtüzüğü’nün 46. maddesinin (1) numaralı fıkrasının (a) bendinde de itiraz yoluna başvuran mahkemenin gerekçeli kararında, Anayasaya aykırılıkları ileri sürülen hükümlerin her birinin Anayasa’nın hangi maddelerine, hangi nedenlerle aykırı olduğunun ayrı ayrı ve gerekçeleriyle birlikte açıkça gösterilmesi gerektiği ifade edilmiştir.\n4. İçtüzük’ün 49. maddesinin (1) numaralı fıkrasının (b) bendinde de Anayasa Mahkemesince yapılan ilk incelemede, başvuruda eksikliklerin bulunduğunun tespit edilmesi hâlinde itiraz yoluna ilişkin işlerde esas incelemeye geçilmeksizin başvurunun reddine karar verileceği; (2) numaralı fıkrasında ise anılan (b) bendi uyarınca verilen kararın, itiraz yoluna başvuran mahkemenin eksiklikleri tamamlayarak yeniden başvurmasına engel olmadığı belirtilmiştir.\n5. Başvurunun incelemesinden, başvuran Mahkeme tarafından başvuru kararında itiraz konusu kuralın Anayasa'nın 35. maddesine hangi nedenlerle aykırı olduğunun ayrı ayrı ve gerekçeleriyle birlikte açıkça gösterilmediği görülmüştür.\n6. Açıklanan nedenlerle 6216 sayılı Kanun’un 40. maddesinin (1) numaralı fıkrasının (a) bendine aykırı olduğu anlaşılan itiraz başvurusunun, aynı Kanun’un 40. maddesinin (4) numaralı fıkrası gereğince yöntemine uygun olmadığından esas incelemeye geçilmeksizin reddi gerekir.\nIII. HÜKÜM\n21.7.1983 tarihli ve 2863 sayılı Kültür ve Tabiat Varlıklarını Koruma Kanunu’nun 8.10.2013 tarihli ve 6498 sayılı Kanun’un 3.  maddesiyle değiştirilen 65. maddesinin birinci fıkrasının iptaline karar verilmesi talebiyle yapılan itiraz başvurusunun, 6216 sayılı Anayasa Mahkemesinin Kuruluşu ve Yargılama Usulleri Hakkında Kanun’un 40. maddesinin (4) numaralı fıkrası gereğince yöntemine uygun olmadığından esas incelemeye geçilmeksizin REDDİNE 26.7.2017 tarihinde OYBİRLİĞİYLE karar verildi.\nBaşkan    Zühtü ARSLAN\nBaşkanvekili   Burhan ÜSTÜN\nBaşkanvekili   Engin YILDIRIM\n\n\nÜye   Serdar ÖZGÜLDÜR\nÜye   Serruh KALELİ\nÜye    Osman Alifeyyaz PAKSÜT\n\n\nÜye    Recep KÖMÜRCÜ\nÜye   Nuri NECİPOĞLU\nÜye   Hicabi DURSUN\n\n\nÜye   Celal Mümtaz AKINCI\nÜye   Muammer TOPAL\nÜye   M. Emin KUZ\n\n\nÜye   Hasan Tahsin GÖKCAN\nÜye   Kadir ÖZKAYA\nÜye   Rıdvan GÜLEÇ\n\n\nÜye   Recai AKYEL\nÜye   Yusuf Şevki HAKYEMEZ\n",
  "address": "https://normkararlarbilgibankasi.anayasa.gov.tr/ND/2017/127",
  "pno": 593,
  "id": "2017-127__IpW",
  "Dönemi": "1982",
  "Karar No": "2017/127",
  "Esas No": "2017/148",
  "İlk İnceleme Tarihi": "26/07/2017",
  "Karar Tarihi": "26/07/2017",
  "Künye": "(AYM, E.2017/148, K.2017/127, 26/07/2017, § …) Kopyala",
  "Dosya Sonucu (Karar Türü)": "İlk - Ret vd.",
  "Başvuru Türü": "İtiraz",
  "Başvuran (Genel) - Başvuran (Özel)": "Asliye Ceza Mahkemesi - Ezine",
  "Üyeler": "Zühtü ARSLAN Burhan ÜSTÜN Engin YILDIRIM Serdar ÖZGÜLDÜR Serruh KALELİ Osman Alifeyyaz PAKSÜT Recep KÖMÜRCÜ Nuri NECİPOĞLU Hicabi DURSUN Celal Mümtaz AKINCI Muammer TOPAL M. Emin KUZ Hasan Tahsin GÖKCAN Kadir ÖZKAYA Rıdvan GÜLEÇ Recai AKYEL Yusuf Şevki HAKYEMEZ",
  "Raportör": "Sadettin CEYHAN",
  "duration_for_scraping(sec.)": 3.3,
  "scrape_time": "2023-08-09 13:52:47"
}