{
  "text": "\nANAYASA MAHKEMESİ KARARI\n\nEsas Sayısı      :  2017/127\nKarar Sayısı   :  2017/103\nKarar Tarihi  :  31.5.2017\nR.G. Tarih-Sayısı   :  Tebliğ edildi.\n\nİTİRAZ YOLUNA BAŞVURAN: Muğla 2. Asliye Hukuk Mahkemesi (Ticaret Mahkemesi Sıfatıyla)\nİTİRAZIN KONUSU: 14.3.2013 tarihli ve 6446 sayılı Elektrik Piyasası Kanunu’nun;\nA- 17. maddesine, 4.6.2016 tarihli ve 6719 sayılı Kanun’un 21. maddesiyle eklenen (10) numaralı fıkranın,\nB- 6719 sayılı Kanun’un 26. maddesiyle eklenen geçici 20. maddesinin,\nAnayasa’nın 2., 5., 9., 10., 11., 36. ve 40. maddelerine aykırılığı ileri sürülerek iptallerine karar verilmesi talebidir.\nOLAY: Davacı tarafından elektrik faturası kapsamında kendisinden tahsil edilen kayıp-kaçak, dağıtım, iletim, sayaç okuma ve perakende satış hizmet bedellerinin tazmini talebiyle açılan davada, itiraz konusu kuralların Anayasa’ya aykırı olduğu iddiasını ciddi bulan Mahkeme, iptalleri için başvurmuştur.\nA- Kanun’un 17. maddesine 6719 sayılı Kanun’un 21. maddesiyle eklenen itiraz konusu (10) numaralı fıkra şöyledir:\n“Kurum tarafından gelir ve tarife düzenlemeleri kapsamında belirlenen bedellere ilişkin olarak yapılan başvurularda ve açılan davalarda; tüketici hakem heyetleri ile mahkemelerin yetkisi, bu bedellerin, Kurumun düzenleyici işlemlerine uygunluğunun denetimi ile sınırlıdır.”\nB- Kanun’a 6719 sayılı Kanun’un 26. maddesiyle eklenen itiraz konusu geçici 20. madde şöyledir:\n“(1) Kurul kararlarına uygun şekilde tahakkuk ettirilmiş dağıtım, sayaç okuma, perakende satış hizmeti, iletim ve kayıp-kaçak bedelleri ile ilgili olarak açılmış olan her türlü ilamsız icra takibi, dava ve başvurular hakkında 17 nci madde hükümleri uygulanır.\nII- İLK İNCELEME\n1. Anayasa Mahkemesi İçtüzüğü hükümleri uyarınca yapılan ilk inceleme toplantısında, başvuru kararı ve ekleri, Raportör Osman KODAL tarafından hazırlanan ilk inceleme raporu ve itiraz konusu kanun hükümleri okunup incelendikten sonra gereği görüşülüp düşünüldü:\n2. 6216 sayılı Anayasa Mahkemesinin Kuruluşu ve Yargılama Usulleri Hakkında Kanun’un “Başvuruya engel durumlar” başlığını taşıyan 41. maddesinin (2) numaralı fıkrasında, “İtiraz yoluna başvuran mahkemede itiraz konusu kuralın uygulanacağı başka dava dosyalarının bulunması hâlinde, yapılmış olan itiraz başvurusu bu dosyalar için de bekletici mesele sayılır.” denilmiştir. Buna göre aynı Mahkeme tarafından aynı kurala ilişkin birden fazla itiraz başvurusunda bulunulması mümkün değildir.\n3. 6216 sayılı Kanun’un “Anayasaya aykırılığın mahkemelerce ileri sürülmesi” başlıklı 40. maddesinde ise Anayasa Mahkemesine itiraz yoluyla yapılacak başvurularda izlenecek yöntem belirtilmiş ve maddenin (4) numaralı fıkrasında açık bir şekilde dayanaktan yoksun veya yöntemine uygun olmayan itiraz başvurularının, Anayasa Mahkemesi tarafından esas incelemeye geçilmeksizin gerekçeleriyle reddedileceği hükme bağlanmıştır.\n4. Başvurunun incelemesinden, itiraz yoluna başvuran Mahkeme tarafından, itiraz konusu kuralların uygulanacağı başka dava dosyası kapsamında yapılmış olan itiraz başvurusunun (E.2017/126) bakılmakta olan dava dosyası için de bekletici mesele sayılması gerekirken, tekrar başvuruda bulunulduğu belirlenmiştir.\n5. Açıklanan nedenlerle, 6216 sayılı Kanun’un 41. maddesinin (2) numaralı fıkrasına aykırı olduğu anlaşılan itiraz başvurusunun, 6216 sayılı Kanun’un 40. maddesinin (4) numaralı fıkrası gereğince yöntemine uygun olmadığından esas incelemeye geçilmeksizin reddi gerekir.\nIII- HÜKÜM\n14.3.2013 tarihli ve 6446 sayılı Elektrik Piyasası Kanunu’nun;\nA- 17. maddesine, 4.6.2016 tarihli ve 6719 sayılı Kanun’un 21. maddesiyle eklenen (10) numaralı fıkranın,\nB-  6719 sayılı Kanun’un 26. maddesiyle eklenen geçici 20. maddesinin,\niptallerine karar verilmesi talebiyle yapılan itiraz başvurusunun, 6216 sayılı Anayasa Mahkemesinin Kuruluşu ve Yargılama Usulleri Hakkında Kanun’un 41. maddesinin (2) ve 40. maddesinin (4) numaralı fıkraları gereğince yöntemine uygun olmadığından REDDİNE, 31.5.2017 tarihinde OYBİRLİĞİYLE karar verildi.\n\nBaşkan\nZühtü ARSLAN\nBaşkanvekili\nBurhan ÜSTÜN\nÜye\nSerdar   ÖZGÜLDÜR\n\n\nÜye\nSerruh KALELİ\nÜye\nOsman   Alifeyyaz PAKSÜT\nÜye\nRecep   KÖMÜRCÜ\n\n\nÜye\nNuri   NECİPOĞLU\nÜye\nHicabi   DURSUN\nÜye\nCelal Mümtaz   AKINCI\n\n\nÜye\nMuammer TOPAL\nÜye\nM. Emin KUZ\nÜye\nHasan Tahsin   GÖKCAN\n\n\nÜye\nKadir ÖZKAYA\nÜye\nRıdvan GÜLEÇ\n\n\nÜye\nRecai AKYEL\nÜye\nYusuf Şevki   HAKYEMEZ\n\n",
  "address": "https://normkararlarbilgibankasi.anayasa.gov.tr/ND/2017/103",
  "pno": 612,
  "id": "2017-103__vCdTO",
  "Dönemi": "1982",
  "Karar No": "2017/103",
  "Esas No": "2017/127",
  "İlk İnceleme Tarihi": "31/05/2017",
  "Karar Tarihi": "31/05/2017",
  "Künye": "(AYM, E.2017/127, K.2017/103, 31/05/2017, § …) Kopyala",
  "Dosya Sonucu (Karar Türü)": "İlk - Ret vd.",
  "Başvuru Türü": "İtiraz",
  "Başvuran (Genel) - Başvuran (Özel)": "Asliye Hukuk Mahkemesi (Ticaret) - Muğla 2",
  "Üyeler": "Zühtü ARSLAN Burhan ÜSTÜN Serdar ÖZGÜLDÜR Serruh KALELİ Osman Alifeyyaz PAKSÜT Recep KÖMÜRCÜ Nuri NECİPOĞLU Hicabi DURSUN Celal Mümtaz AKINCI Muammer TOPAL M. Emin KUZ Hasan Tahsin GÖKCAN Kadir ÖZKAYA Rıdvan GÜLEÇ Recai AKYEL Yusuf Şevki HAKYEMEZ",
  "Raportör": "Osman KODAL",
  "duration_for_scraping(sec.)": 3.72,
  "scrape_time": "2023-08-09 13:54:03"
}