{
  "text": "\nANAYASA MAHKEMESİ KARARI\n\nEsas Sayısı    : 2018/18\nKarar Sayısı : 2018/18\nKarar Tarihi: 28.2.2018\nR.G.Tarih – Sayısı: Tebliğ edildi\n\nİTİRAZ YOLUNA BAŞVURAN: Gaziantep 4. Asliye Hukuk Mahkemesi\nİTİRAZIN KONUSU: 20.8.2016 tarihli ve 6745 sayılı Yatırımların Proje Bazında Desteklenmesi ile Bazı Kanun ve Kanun Hükmünde Kararnamelerde Değişiklik Yapılmasına Dair Kanun’un 12. maddesiyle 20.7.1966 tarihli ve 775 sayılı Gecekondu Kanunu’na eklenen geçici 10. maddenin Anayasa’nın 2. ve 36. maddelerine aykırılığı ileri sürülerek iptaline karar verilmesi talebidir.\nOLAY: Arsa tahsis işleminin iptalinden kaynaklanan alacak davasında itiraz konusu kuralın Anayasa’ya aykırılık iddiasını ciddi bulan Mahkeme, iptali için başvurmuştur.\nI. İPTALİ İSTENEN KANUN HÜKMÜ\nKanun’un 12. maddesiyle 775 sayılı Kanun’a eklenen geçici 10. madde şöyledir:\n“GEÇİCİ MADDE 10-  Gaziantep ili, Şahinbey ilçesi sınırları içerisinde bu maddenin yürürlüğe girdiği tarihten önce bu Kanuna göre ilgili idarelerce yapılan arsa veya konut tahsis işleminin gerçekleştirilememesi hâlinde; arsa veya konut tahsisi için ödenen bedeller, ilgili idarece yapılacak tebligatı müteakip en geç üç ay içerisinde, ödeme gününden itibaren hesaplanacak kanuni faizi ile birlikte hak sahiplerine veya kanuni mirasçılarına ödenir. Hak sahipleri bunun dışında ilgili idareden herhangi bir hak, bedel ve tazminat talebinde bulunamazlar.\nBu maddenin birinci fıkrası hükmü; bu maddenin yürürlüğe girdiği tarihten önce hak sahipleri tarafından, ilgili idarelerce yapılan arsa veya konut tahsis işleminin gerçekleştirilememesi nedenleriyle arsa veya konutların adlarına tescili, bedel veya tazminat ve benzeri taleplerle açılan ve henüz kesinleşmeyen her türlü davada da uygulanır. Bu hükmün mahkemelerce uygulanması nedeniyle reddedilen davaların yargılama giderleri davalı idare tarafından ödenir. Bu madde kapsamında kalan davalarda mahkeme harçları ile her türlü vekâlet ücreti maktu olarak belirlenir.”\nII. İLK İNCELEME\n1. Anayasa Mahkemesi İçtüzüğü hükümleri uyarınca yapılan ilk inceleme toplantısında, başvuru kararı ve ekleri, Raportör Cengiz ERTEN tarafından hazırlanan ilk inceleme raporu ve itiraz konusu kanun hükmü okunup incelendikten sonra gereği görüşülüp düşünüldü:\n2. 6216 sayılı Anayasa Mahkemesinin Kuruluşu ve Yargılama Usulleri Hakkında Kanun’un “Başvuruya engel durumlar” başlığını taşıyan 41. maddesinin (2) numaralı fıkrasında, “İtiraz yoluna başvuran mahkemede itiraz konusu kuralın uygulanacağı başka dava dosyalarının bulunması hâlinde, yapılmış olan itiraz başvurusu bu dosyalar için de bekletici mesele sayılır.” denilmiştir. Buna göre aynı Mahkeme tarafından aynı kurala ilişkin birden fazla itiraz başvurusunda bulunulması mümkün değildir.\n3. 6216 sayılı Kanun’un “Anayasaya aykırılığın mahkemelerce ileri sürülmesi” başlıklı 40. maddesinde ise Anayasa Mahkemesine itiraz yoluyla yapılacak başvurularda izlenecek yöntem belirtilmiş ve maddenin  (4) numaralı fıkrasında açık bir şekilde dayanaktan yoksun veya yöntemine uygun olmayan itiraz başvurularının, Anayasa Mahkemesi tarafından esas incelemeye geçilmeksizin gerekçeleriyle reddedileceği hükme bağlanmıştır.\n4. Yapılan incelemede itiraz yoluna başvuran aynı Mahkeme tarafından itiraz konusu kuralın uygulanacağı başka dava dosyası kapsamında yapılmış olan itiraz başvurusunun (E. 2018/16) bakılmakta olan dava dosyası için bekletici mesele sayılması gerekirken, tekrar başvuruda bulunulduğu belirlenmiştir.\n5. Açıklanan nedenlerle 6216 sayılı Kanun’un 41. maddesinin (2) numaralı fıkrasına aykırı olduğu anlaşılan itiraz başvurusunun, 6216 sayılı Kanun’un 40. maddesinin (4) numaralı fıkrası gereğince yöntemine uygun olmadığından esas incelemeye geçilmeksizin reddi gerekir.\nIII. HÜKÜM\n20.8.2016 tarihli ve 6745 sayılı Yatırımların Proje Bazında Desteklenmesi ile Bazı Kanun ve Kanun Hükmünde Kararnamelerde Değişiklik Yapılmasına Dair Kanun’un 12. maddesiyle 20.7.1966 tarihli ve 775 sayılı Gecekondu Kanunu’na eklenen geçici 10. maddenin iptaline karar verilmesi talebiyle yapılan itiraz başvurusunun, 6216 sayılı Anayasa Mahkemesinin Kuruluşu ve Yargılama Usulleri Hakkında Kanun’un 41. maddesinin (2) ve 40. maddesinin (4) numaralı fıkraları gereğince yöntemine uygun olmadığından REDDİNE, 28.2.2018 tarihinde OYBİRLİĞİYLE karar verildi.\n\nBaşkan\nZühtü ARSLAN\nBaşkanvekili\nEngin YILDIRIM\nÜye\nSerdar ÖZGÜLDÜR\n\n\nÜye\nSerruh KALELİ\nÜye\nOsman   Alifeyyaz PAKSÜT\nÜye\nRecep   KÖMÜRCÜ\n\n\nÜye\nNuri NECİPOĞLU\nÜye\nHicabi DURSUN\nÜye\nCelal Mümtaz   AKINCI\n\n\nÜye\nMuammer TOPAL\nÜye\nM. Emin KUZ\nÜye\nHasan Tahsin   GÖKCAN\n\n\nÜye\nKadir ÖZKAYA\nÜye\nRıdvan GÜLEÇ\n\n\nÜye\nRecai AKYEL\nÜye\nYusuf Şevki   HAKYEMEZ\n\n",
  "address": "https://normkararlarbilgibankasi.anayasa.gov.tr/ND/2018/18",
  "pno": 533,
  "id": "2018-18__AXv",
  "Dönemi": "1982",
  "Karar No": "2018/18",
  "Esas No": "2018/18",
  "İlk İnceleme Tarihi": "28/02/2018",
  "Karar Tarihi": "28/02/2018",
  "Künye": "(AYM, E.2018/18, K.2018/18, 28/02/2018, § …) Kopyala",
  "Dosya Sonucu (Karar Türü)": "İlk - Ret vd.",
  "Başvuru Türü": "İtiraz",
  "Başvuran (Genel) - Başvuran (Özel)": "Asliye Hukuk Mahkemesi - Gaziantep 4",
  "Üyeler": "Zühtü ARSLAN Engin YILDIRIM Serdar ÖZGÜLDÜR Serruh KALELİ Osman Alifeyyaz PAKSÜT Recep KÖMÜRCÜ Nuri NECİPOĞLU Hicabi DURSUN Celal Mümtaz AKINCI Muammer TOPAL M. Emin KUZ Hasan Tahsin GÖKCAN Kadir ÖZKAYA Rıdvan GÜLEÇ Recai AKYEL Yusuf Şevki HAKYEMEZ",
  "Raportör": "Cengiz ERTEN",
  "duration_for_scraping(sec.)": 4.079,
  "scrape_time": "2023-08-09 13:49:00"
}